game,army,line,t,objective,primary,secondary,pressure,claim,eco,mass,energy,factories,intel,doctrine,focus,weights,ready,slots,reason,landloss,airloss,airdrop,alert,momentum,tiers,forward,exp,eng,engtier,cover,engpolicy,mex,defcover,mexloss,basespan,mexplace,engsurvival,scout,scoutorders,scouts,scoutfraction,dispatch,held,directed,assist,acuassist,mexgate,techgate,combatctl,combatdetail,combatconc,combatdefence,combatunkeyed,combatdeathrepeats,army_census,watch_t,watch_acu,watch_def,watch_mex,watch_eng,watch_units,watch_enemy,watch_store
27843240,2,958,9,Pressure,Pressure/0,none/0,idle,0/0,Opening,0.1,2.0,1/2,0,Balanced,Army,"A=60,T2=30,T3=0,X=0,N=0",0.01,0,field-pressure,0/0,0/0,None,no/0.0/0.00/none/0/0,0/0/stable,"L1,A1,N1",0/idle/no-idle-engineer,Siege:uel0401/0/0,1/12/0,0/0/0,0/0,0/45,0/60,0/0/0,0/0,1/7/53,0/0/0,0/0/0/0/0/0,36/35/0,0/0,0,0.176/0.180,"L0,A0,W0,M0,H0",0/0/0,0/0,0/0/0,0,expanding/0,"Lnone/none,Anone/none,Nnone/none","pool:0/0/0/0,directed:0/0/0/0,nativeLand:0/0/0/0,nativeAir:0/0/0/0,nativeNaval:0/0/0/0,unassigned:0/0/0/0",0/0,0/0/0,0/0/0/0/0,0,0,0/0/0,9,building/0/100,"pd0/0/0,aa0/0/0,tmd0,sh0,tml0,arty0",0/0/0,0/0,0/0/0/0,0/0/0/0,0.97/0.96
27843240,4,963,9,JointAttack,JointAttack/0,none/0,idle,0/0,Opening,0.1,2.0,1/2,0,Balanced,Army,"A=60,T2=30,T3=0,X=0,N=0",0.01,0,field-pressure,0/0,0/0,None,no/0.0/0.00/none/0/0,0/0/stable,"L1,A1,N1",0/idle/no-idle-engineer,Siege:uel0401/0/0,1/12/0,0/0/0,0/0,0/45,0/60,0/0/0,0/0,1/4/56,0/0/0,0/0/0/0/0/0,36/35/0,0/0,0,0.176/0.180,"L0,A0,W0,M0,H0",0/0/0,0/0,0/0/0,0,expanding/0,"Lnone/none,Anone/none,Nnone/none","pool:0/0/0/0,directed:0/0/0/0,nativeLand:0/0/0/0,nativeAir:0/0/0/0,nativeNaval:0/0/0/0,unassigned:0/0/0/0",0/0,0/0/0,0/0/0/0/0,0,0,0/0/0,9,building/0/100,"pd0/0/0,aa0/0/0,tmd0,sh0,tml0,arty0",0/0/0,0/0,0/0/0/0,0/0/0/0,0.97/0.96
27843240,2,979,69,Pressure,Pressure/0,none/0,idle,0/0,Opening,0.3,4.0,1/2,0,Balanced,Army,"A=60,T2=0,T3=0,X=0,N=0",0.03,0,field-pressure,0/0,0/0,None,no/0.0/0.00/none/0/0,0/0/stable,"L1,A1,N1",0/idle/no-idle-engineer,Siege:uel0401/0/0,3/12/0,2/0/0,0/0,0/45,1/60,0/0/0,0/0,1/7/53,2/2/2,0/0/0/0/0/0,36/35/0,0/0,0,0.140/0.140,"L0,A0,W0,M0,H0",0/0/0,0/0,1/5/2,0,expanding/0,"Lfocus/focus,Afocus/focus,Ndomain/domain","pool:0/0/0/0,directed:0/0/0/0,nativeLand:0/0/0/0,nativeAir:0/0/0/0,nativeNaval:0/0/0/0,unassigned:0/0/0/0",0/0,0/0/0,0/0/0/0/0,0,0,0/0/0,69,moving/25/100,"pd0/0/0,aa0/0/0,tmd0,sh0,tml0,arty0",1/0/0,1/3,0/0/0/0,0/0/0/0,0.40/0.43
27843240,4,984,69,JointAttack,JointAttack/0,none/0,idle,0/0,Opening,0.3,2.0,1/2,0,Balanced,Army,"A=60,T2=0,T3=0,X=0,N=0",0.01,0,field-pressure,0/0,0/0,None,no/0.0/0.00/none/0/0,0/0/stable,"L1,A1,N1",0/idle/no-idle-engineer,Siege:uel0401/0/0,3/12/0,2/0/0,0/0,0/45,1/60,0/0/0,0/0,1/4/56,2/2/2,0/0/0/0/0/0,36/35/0,0/0,0,0.140/0.140,"L0,A0,W0,M0,H0",0/0/0,0/0,1/5/2,0,expanding/0,"Lfocus/focus,Afocus/focus,Ndomain/domain","pool:0/0/0/0,directed:0/0/0/0,nativeLand:0/0/0/0,nativeAir:0/0/0/0,nativeNaval:0/0/0/0,unassigned:0/0/0/0",0/0,0/0/0,0/0/0/0/0,0,0,0/0/0,69,building/11/100,"pd0/0/0,aa0/0/0,tmd0,sh0,tml0,arty0",1/0/0,1/3,0/0/0/0,0/0/0/0,0.46/0.52
27843240,2,1001,129,Pressure,Pressure/0,none/0,idle,0/0,Opening,0.9,14.0,2/2,0,Balanced,Army,"A=60,T2=0,T3=0,X=0,N=0",0.06,0,field-pressure,0/0,0/0,None,no/0.0/0.00/none/0/0,0/0/stable,"L1,A1,N1",0/idle/negative-mass-trend,Siege:uel0401/0/0,7/12/0,6/0/0,0/0,0/45,4/60,0/0/0,0/0,1/7/53,6/6/6,0/0/0/0/0/0,36/35/0,0/0,0,0.120/0.120,"L0,A0,W0,M0,H0",0/0/0,0/0,1/12/6,0,expanding/0,"Lfocus/focus,Afocus/focus,Ndomain/domain","pool:0/0/0/0,directed:0/0/0/0,nativeLand:0/0/0/0,nativeAir:0/0/0/0,nativeNaval:0/0/0/0,unassigned:0/0/0/0",0/0,0/0/0,0/0/0/0/0,0,0,0/0/0,129,building/50/100,"pd0/0/0,aa0/0/0,tmd0,sh0,tml0,arty0",4/0/0,0/6,0/0/0/0,0/0/0/0,0.17/0.30
27843240,4,1006,129,JointAttack,JointAttack/0,none/0,idle,0/0,Opening,3.7,34.0,2/2,0,Balanced,Army,"A=60,T2=0,T3=0,X=0,N=0",0.39,0,field-pressure,0/0,0/0,None,no/0.0/0.00/none/0/0,0/0/stable,"L1,A1,N1",0/idle/negative-mass-trend,Siege:uel0401/0/0,7/12/0,6/0/0,0/0,0/45,4/60,0/0/0,0/0,2/8/52,7/7/7,0/0/0/0/0/0,36/35/0,0/0,0,0.120/0.120,"L0,A0,W0,M0,H0",0/0/0,0/0,2/12/7,0,expanding/0,"Lfocus/focus,Afocus/focus,Ndomain/domain","pool:0/0/0/0,directed:0/0/0/0,nativeLand:0/0/0/0,nativeAir:0/0/0/0,nativeNaval:0/0/0/0,unassigned:0/0/0/0",0/0,0/0/0,0/0/0/0/0,0,0,0/0/0,129,moving/12/100,"pd0/0/0,aa0/0/0,tmd0,sh0,tml0,arty0",4/0/0,3/8,0/0/0/0,0/0/0/0,0.05/0.19
27843240,2,1053,189,Pressure,Pressure/0,none/0,idle,0/0,Opening,1.1,18.0,3/4,0,Balanced,Army,"A=60,T2=0,T3=0,X=0,N=0",0.04,0,field-pressure,0/0,0/0,None,no/0.0/0.00/none/0/0,0/0/stable,"L1,A1,N1",0/idle/low-mass-income,Siege:uel0401/0/0,12/12/0,11/0/0,0/0,0/45,5/60,0/0/0,0/0,3/12/48,10/10/10,0/0/0/0/0/0,36/31/0,3/0,2,0.080/0.080,"L0,A0,W0,M0,H0",0/0/0,0/0,0/15/8,0,expanding/0,"Lfocus/focus,Afocus/focus,Ndomain/domain","pool:0/0/0/0,directed:0/0/0/0,nativeLand:0/0/0/0,nativeAir:0/0/0/0,nativeNaval:0/0/0/0,unassigned:2/80/2/0",0/0,50/80/2,0/0/0/0/0,0,0,0/2/2,189,moving/40/100,"pd0/0/0,aa0/0/0,tmd0,sh0,tml0,arty0",5/0/0,1/12,0/0/0/0,1/0/0/0,0.13/0.59
27843240,4,1058,189,JointAttack,JointAttack/0,none/0,idle,0/0,Opening,0.9,20.0,3/2,0,Balanced,Army,"A=60,T2=0,T3=0,X=0,N=0",0.01,0,field-pressure,0/0,0/0,None,no/0.0/0.00/none/0/0,0/0/stable,"L1,A1,N1",0/idle/negative-mass-trend,Siege:uel0401/0/0,13/12/0,12/0/0,0/0,0/45,4/60,0/0/0,0/0,3/15/45,10/10/10,0/0/0/0/0/0,36/34/0,4/0,3,0.080/0.080,"L0,A0,W0,M0,H0",0/0/0,0/0,0/23/12,0,expanding/0,"Lfocus/focus,Afocus/focus,Ndomain/domain","pool:0/0/0/0,directed:0/0/0/0,nativeLand:0/0/0/0,nativeAir:0/0/0/0,nativeNaval:0/0/0/0,unassigned:3/110/2/0",0/0,110/110/1,0/0/0/0/0,0,0,1/2/2,189,building/16/100,"pd0/0/0,aa0/0/0,tmd0,sh0,tml0,arty0",4/0/0,2/13,1/0/0/0,1/0/0/0,0.06/0.31
27843240,2,1095,249,Raid,Raid/0,none/0,idle,0/0,Balanced,1.5,31.3,3/2,5,Balanced,Army,"A=60,T2=0,T3=0,X=0,N=0",0.06,0,field-pressure,0/0,0/0,Opportunity,no/0.0/0.00/none/0/0,12/0/stable,"L1,A1,N1",0/idle/negative-mass-trend,Siege:uel0401/0/0,15/12/0,14/0/0,0/0,0/45,7/60,1/0/0,0/0,5/18/42,13/13/13,0/0/0/0/0/0,36/23/0,5/2,3,0.133/0.180,"L0,A0,W0,M0,H0",0/0/1,0/0,0/17/10,0,expanding/0,"Lfocus/focus,Afocus/focus,Ndomain/domain","pool:4/172/4/0,directed:0/0/0/0,nativeLand:7/242/1/0,nativeAir:0/0/0/0,nativeNaval:0/0/0/0,unassigned:0/0/0/0",0/0,288/414/5,0/0/0/0/0,0,0,9/4/3,249,idle/5/100,"pd0/0/0,aa0/0/0,tmd0,sh0,tml0,arty0",7/0/0,0/14,9/0/0/0,5/0/0/0,0.15/1.00
27843240,4,1100,249,JointAttack,JointAttack/0,none/0,idle,0/0,Balanced,2.7,44.0,3/2,0,Balanced,Army,"A=60,T2=0,T3=0,X=0,N=0",0.37,0,field-pressure,0/0,0/0,None,no/0.0/0.00/none/0/0,0/0/stable,"L1,A1,N1",0/idle/negative-mass-trend,Siege:uel0401/0/0,15/12/0,14/0/0,0/0,0/45,5/60,0/0/0,0/0,3/15/45,14/14/14,0/0/0/0/0/0,36/30/1,6/1,4,0.158/0.160,"L0,A0,W0,M0,H0",0/0/0,0/0,0/23/12,1,expanding/0,"Lfocus/focus,Afocus/focus,Ndomain/domain","pool:3/136/2/0,directed:0/0/0/0,nativeLand:8/240/0/0,nativeAir:0/0/0/0,nativeNaval:0/0/0/0,unassigned:1/36/1/0",0/0,382/412/4,0/0/0/0/0,0,0,11/4/4,249,assisting/15/100,"pd0/0/0,aa0/0/0,tmd0,sh0,tml0,arty0",5/0/0,1/14,11/0/0/0,5/0/0/0,0.04/1.00
27843240,2,1157,309,Raid,Raid/0,none/0,idle,0/0,Recover,1.9,37.0,4/3,7,Balanced,Army,"A=60,T2=0,T3=0,X=0,N=0",0.00,0,field-pressure,1/30,0/0,Ready,no/0.0/0.00/none/0/0,66/0/stable,"L1,A1,N1",0/idle/stall-risk,Siege:uel0401/0/0,15/12/0,14/0/0,0/0,0/45,9/60,1/0/0,0/0,5/18/42,16/16/16,0/0/0/0/0/0,36/22/0,5/2,1,0.129/0.180,"L0,A0,W0,M0,H0",5/0/0,3/5,0/17/10,1,stall-risk/0,"Lfocus/focus,Afocus/focus,Ndomain/domain","pool:5/262/3/0,directed:9/378/0/0,nativeLand:3/90/2/30,nativeAir:0/0/0/0,nativeNaval:0/0/0/0,unassigned:0/0/0/0",3/3,472/730/6,0/0/0/0/0,0,0,15/5/0,309,idle/5/100,"pd1/0/0,aa0/0/0,tmd0,sh0,tml0,arty0",9/0/0,2/14,14/0/0/0,10/0/0/0,0.00/0.76
27843240,4,1164,309,JointAttack,JointAttack/0,none/0,idle,0/0,Balanced,2.3,35.5,3/3,59,Balanced,Army,"A=60,T2=0,T3=0,X=0,N=0",0.11,0,field-pressure,0/0,0/0,Opportunity,no/0.0/0.00/none/0/0,24/0/stable,"L1,A1,N1",0/idle/stall-risk,Siege:uel0401/0/0,15/12/0,14/0/0,0/0,0/45,7/60,1/0/0,0/0,4/20/40,16/16/16,0/0/0/0/0/0,36/17/0,7/2,4,0.111/0.180,"L0,A0,W0,M0,H0",0/0/0,2/3,0/23/12,4,stall-risk/0,"Lfocus/focus,Afocus/focus,Ndomain/domain","pool:4/212/3/0,directed:6/236/0/0,nativeLand:8/240/0/0,nativeAir:0/0/0/0,nativeNaval:0/0/0/0,unassigned:0/0/0/0",2/2,340/688/6,0/0/0/0/0,0,0,17/4/4,309,idle/13/100,"pd0/0/0,aa0/0/0,tmd0,sh0,tml0,arty0",7/0/0,2/14,17/0/0/0,10/0/0/0,0.00/0.81
27843240,2,1231,369,Raid,Raid/0,none/0,idle,0/0,Recover,3.1,39.0,4/4,43,Balanced,Army,"A=60,T2=0,T3=0,X=0,N=0",0.00,0,field-pressure,1/30,0/0,Ready,no/0.0/0.00/none/0/0,66/0/stable,"L1,A1,N1",0/idle/stall-risk,Siege:uel0401/0/0,16/12/0,15/0/0,0/0,0/45,13/60,5/0/0,0/0,5/18/42,20/20/20,2/0/0/0/0/0,36/19/0,7/2,2,0.119/0.180,"L0,A0,W0,M0,H0",3/0/2,4/12,0/17/10,5,stall-risk/0,"Lfocus/focus,Afocus/focus,Ndomain/domain","pool:5/236/1/0,directed:12/494/1/0,nativeLand:7/314/4/30,nativeAir:0/0/0/0,nativeNaval:0/0/0/0,unassigned:1/36/1/0",4/4,288/1080/10,0/0/0/0/0,0,0,24/5/0,369,idle/10/100,"pd1/0/0,aa0/0/0,tmd0,sh0,tml0,arty0",12/1/0,3/15,23/0/0/0,13/0/0/0,0.00/1.00
27843240,4,1238,369,JointAttack,JointAttack/0,none/0,idle,0/0,Balanced,2.5,36.5,4/10,67,Balanced,Army,"A=60,T2=0,T3=0,X=0,N=0",0.20,0,field-pressure,0/0,0/0,TransportActive,no/0.0/0.00/none/0/0,36/0/stable,"L1,A1,N1",1/building/construction-active,Siege:uel0401/0/0,16/12/0,15/0/0,0/0,0/45,10/60,2/0/0,0/0,6/32/28,18/18/18,0/0/0/0/0/0,36/13/0,9/3,5,0.097/0.180,"L0,A0,W0,M0,H0",0/0/0,2/7,0/23/12,6,expanding/0,"Lfocus/focus,Afocus/focus,Ndomain/domain","pool:5/222/4/0,directed:6/236/0/0,nativeLand:14/576/0/0,nativeAir:0/0/0/0,nativeNaval:0/0/0/0,unassigned:0/0/0/0",2/2,352/1034/9,0/0/0/0/0,0,0,24/5/5,369,building/13/100,"pd1/0/0,aa0/0/0,tmd0,sh0,tml0,arty0",9/1/0,2/16,24/0/0/0,13/0/0/0,0.51/1.00
27843240,2,1283,429,Raid,Raid/0,none/0,idle,0/0,Recover,3.7,47.0,8/5,59,Balanced,Army,"A=60,T2=0,T3=0,X=0,N=0",0.00,0,field-pressure,3/122,0/0,Ready,no/0.0/0.00/none/0/0,158/0/stable,"L1,A1,N1",1/building/construction-active,Siege:uel0401/0/0,20/12/0,19/0/0,0/0,0/45,16/60,5/0/0,0/0,6/18/42,231/231/231,210/0/0/0/0/0,36/19/1,11/2,4,0.119/0.160,"L0,A0,W0,M0,H0",4/0/2,5/13,1/24/11,5,expanding/0,"Lfocus/focus,Afocus/focus,Ndomain/domain","pool:5/256/3/0,directed:12/494/1/122,nativeLand:7/314/4/30,nativeAir:0/0/0/0,nativeNaval:0/0/0/0,unassigned:2/92/2/0",4/4,608/1156/10,0/0/0/0/0,0,0,26/7/1,429,building/9/100,"pd5/0/0,aa0/0/0,tmd0,sh0,tml0,arty0",15/1/0,5/19,24/0/0/0,17/0/0/0,0.00/1.00
27843240,4,1291,429,JointAttack,JointAttack/0,none/0,idle,0/0,Recover,2.5,44.5,6/4,80,Balanced,Army,"A=60,T2=0,T3=0,X=0,N=0",0.00,0,field-pressure,0/0,0/0,TransportActive,no/0.0/0.00/none/0/0,92/0/stable,"L1,A1,N1",1/building/construction-active,Siege:uel0401/0/0,18/12/0,17/0/0,1/2,0/45,10/60,3/0/0,0/0,6/32/28,82/82/82,62/0/0/0/0/0,36/14/0,10/3,3,0.101/0.180,"L0,A0,W0,M0,H0",0/2/0,3/8,0/23/12,6,stall-risk/0,"Lfocus/focus,Afocus/focus,Ndomain/domain","pool:6/312/6/0,directed:10/420/0/0,nativeLand:16/688/0/0,nativeAir:0/0/0/0,nativeNaval:0/0/0/0,unassigned:0/0/0/0",3/3,644/1420/9,0/0/0/0/0,0,0,30/6/4,429,building/13/100,"pd2/0/0,aa0/0/0,tmd0,sh0,tml0,arty0",9/1/0,3/18,29/0/0/0,17/0/0/0,0.00/1.00
27843240,2,1341,489,Raid,Raid/23,none/0,held,0/0,Balanced,4.1,59.0,9/11,61,GunshipCounter,Army,"A=80,T2=41,T3=0,X=0,N=0",0.20,0,combat-losses,9/378,4/200,Ready,no/0.0/0.00/none/0/0,684/0/losing,"L1,A1,N1",1/building/construction-active,Siege:uel0401/0/0,23/12/1,22/0/0,1/2,0/45,16/60,9/0/0,1/0,6/18/42,308/308/308,278/6/0/1/1/2,36/20/0,14/2,5,0.122/0.180,"L23,A0,W0,M0,H0",0/2/2,8/16,0/25/13,6,expanding/0,"Lenergy/focus,Aenergy/focus,Ndomain/domain","pool:2/72/0/200,directed:15/642/0/378,nativeLand:9/426/2/30,nativeAir:0/0/0/0,nativeNaval:0/0/0/0,unassigned:4/224/4/0",5/5,1166/1364/8,0/0/0/0/0,0,0,29/6/2,489,assisting/8/100,"pd5/0/0,aa0/0/0,tmd0,sh0,tml0,arty0",14/2/0,6/25,26/0/0/0,21/0/0/0,0.08/1.00
27843240,4,1348,489,JointAttack,JointAttack/0,none/0,idle,0/0,Balanced,9.0,53.5,8/7,84,Balanced,Army,"A=60,T2=0,T3=0,X=0,N=0",0.30,0,field-pressure,5/200,0/0,Ready,no/0.0/0.00/none/0/0,292/150/stable,"L2,A1,N1",1/building/construction-active,Siege:uel0401/0/0,22/12/0,21/0/0,1/2,0/45,10/60,5/0/0,0/0,6/32/28,83/83/83,62/0/0/0/0/0,36/17/0,11/3,3,0.111/0.160,"L0,A0,W0,M0,H0",0/2/0,3/8,0/23/12,7,expanding/0,"Lok/focus,Afocus/focus,Ndomain/domain","pool:5/248/3/0,directed:5/220/0/200,nativeLand:20/912/0/0,nativeAir:4/200/4/0,nativeNaval:0/0/0/0,unassigned:0/0/0/0",2/2,500/1580/10,0/0/0/0/0,0,0,33/5/3,489,assisting/4/100,"pd3/0/0,aa0/0/0,tmd0,sh0,tml0,arty0",7/3/0,4/23,32/0/0/0,21/0/0/0,0.02/1.00
27843240,2,1401,549,Raid,Raid/25,none/0,held,0/0,Recover,5.1,68.0,13/7,58,GunshipCounter,Army,"A=60,T2=0,T3=0,X=0,N=0",0.00,0,field-pressure,6/256,4/200,Ready,no/0.0/0.00/none/0/0,602/0/losing,"L2,A2,N1",1/building/construction-active,Siege:uel0401/0/0,31/14/1,30/0/0,0/0,0/45,17/60,11/0/0,1/0,6/18/42,447/447/447,293/128/0/1/1/2,36/14/3,18/2,4,0.101/0.180,"L25,A0,W0,M0,H0",0/0/0,10/18,0/28/16,9,stall-risk/0,"Lok/focus,Aok/focus,Ndomain/domain","pool:2/100/1/200,directed:21/938/0/378,nativeLand:17/874/2/30,nativeAir:0/0/0/0,nativeNaval:0/0/0/0,unassigned:0/0/0/0",7/7,688/1912/16,0/0/0/0/0,0,0,42/2/2,549,idle/11/100,"pd8/0/0,aa1/0/0,tmd0,sh0,tml0,arty0",15/2/0,7/30,39/0/0/0,26/0/0/0,0.00/0.97
27843240,4,1408,549,JointAttack,JointAttack/0,none/0,idle,0/0,Balanced,3.5,56.5,12/5,84,Balanced,Army,"A=60,T2=61,T3=0,X=0,N=0",0.20,0,field-pressure,6/236,0/0,Ready,no/0.0/0.00/none/0/0,312/334/stable,"L2,A1,N1",1/building/construction-active,Siege:uel0401/0/0,25/12/0,24/0/0,1/2,0/45,11/60,7/0/0,0/0,6/32/28,108/108/108,86/0/0/0/0/0,36/14/0,18/3,6,0.101/0.180,"L0,A0,W0,M0,H0",0/2/0,4/9,0/23/12,7,expanding/0,"Lmass/focus,Amass/focus,Ndomain/domain","pool:6/278/5/0,directed:7/332/0/236,nativeLand:26/1168/2/0,nativeAir:4/200/4/0,nativeNaval:0/0/0/0,unassigned:3/168/3/0",2/2,928/2146/16,0/0/0/0/0,0,0,42/8/6,549,building/9/100,"pd5/0/0,aa1/0/0,tmd0,sh0,tml0,arty0",8/3/0,3/25,41/0/0/0,26/0/0/0,0.23/0.99
27843240,2,1474,609,Raid,Raid/3,Defend/2,held,10/41/unmet,Balanced,10.7,79.0,15/15,69,GunshipCounter,Army,"A=100,T2=42,T3=0,X=0,N=0",0.25,0,defense-pressure,12/554,0/0,Abandoned,yes/36.1/36.11/surface/0/13,654/545/stable,"L2,A2,N1",1/idle/map-cap,Siege:uel0401/0/0,38/12/0,37/0/0,0/0,0/45,20/60,12/4/1,1/0,6/18/42,612/612/612,362/224/0/1/1/2,36/16/0,21/2,6,0.108/0.180,"L0,A5,W0,M0,H0",0/0/0,10/24,2/43/21,9,upgrading/0,"Lalert/alert,Aalert/alert,Ndomain/domain","pool:5/256/2/200,directed:10/440/0/876,nativeLand:23/1110/2/86,nativeAir:0/0/0/0,nativeNaval:0/0/0/0,unassigned:0/0/0/0",6/6,478/1806/16,41/22/10/1/0,0,0,40/5/5,609,building/9/100,"pd8/0/0,aa3/0/0,tmd0,sh0,tml0,arty0",16/4/0,10/40,37/0/0/0,27/0/0/0,0.17/0.59
27843240,4,1484,609,JointAttack,JointAttack/0,none/0,idle,0/0,Balanced,4.1,75.2,14/6,73,Balanced,Army,"A=60,T2=55,T3=0,X=0,N=0",0.15,0,field-pressure,6/276,0/0,Ready,no/0.0/0.00/none/0/0,480/476/stable,"L2,A2,N1",1/building/construction-active,Siege:uel0401/0/0,31/16/2,29/1/0,0/0,0/45,11/60,9/0/0,0/0,6/32/28,166/166/166,120/5/0/2/1/3,36/18/0,21/4,5,0.115/0.180,"L0,A0,W0,M0,H0",1/0/0,8/16,2/35/18,7,expanding/0,"Lok/focus,Aok/focus,Ndomain/domain","pool:4/342/2/0,directed:15/700/0/420,nativeLand:24/1116/2/56,nativeAir:7/350/7/0,nativeNaval:0/0/0/0,unassigned:0/0/0/0",5/5,600/2508/20,0/0/0/0/0,0,0,51/4/3,609,idle/9/100,"pd6/0/0,aa2/0/0,tmd0,sh0,tml0,arty0",7/4/0,9/32,48/0/0/0,27/0/0/0,0.00/0.79
27843240,2,1566,669,Raid,Raid/3,none/0,held,0/0,Recover,6.9,111.0,14/14,70,GunshipCounter,Army,"A=80,T2=0,T3=0,X=0,N=0",0.00,0,combat-losses,13/584,3/150,Ready,no/0.0/0.00/none/0/0,882/1417/stable,"L2,A2,N1",1/idle/map-cap,Siege:uel0401/0/0,49/12/1,48/0/0,1/2,252/45,21/60,13/0/0,1/0,6/18/42,1128/1128/1128,872/230/0/2/1/1,36/15/0,25/2,5,0.104/0.180,"L0,A3,W0,M0,H0",0/2/0,12/34,10/79/39,11,upgrading/0,"Lstall/focus,Astall/focus,Ndomain/domain","pool:6/462/2/350,directed:17/732/0/876,nativeLand:14/732/2/116,nativeAir:0/0/0/0,nativeNaval:0/0/0/0,unassigned:0/0/0/0",8/8,616/1926/13,0/0/0/0/0,0,0,38/6/4,669,assisting/6/100,"pd8/0/0,aa4/0/0,tmd0,sh0,tml0,arty0",17/4/0,11/48,35/0/0/0,27/0/0/0,0.01/0.87
27843240,4,1577,669,JointAttack,JointAttack/0,none/0,idle,0/0,Recover,6.4,79.0,14/5,70,Balanced,Army,"A=80,T2=0,T3=0,X=0,N=0",0.00,0,combat-losses,8/356,0/0,Ready,no/0.0/0.00/none/0/0,520/638/stable,"L2,A2,N1",1/building/construction-active,Siege:uel0401/0/0,36/16/2,33/2/0,0/0,0/45,11/60,10/0/0,0/0,6/32/28,675/675/675,550/17/0/2/2/4,36/17/0,24/4,6,0.111/0.140,"L0,A0,W0,M0,H0",0/0/0,9/24,0/56/32,8,stall-risk/0,"Lstall/focus,Astall/focus,Ndomain/domain","pool:4/350/4/0,directed:18/848/0/420,nativeLand:21/1144/2/172,nativeAir:7/350/7/0,nativeNaval:0/0/0/0,unassigned:0/0/0/0",6/6,700/2692/17,0/0/0/0/0,0,0,50/4/4,669,repairing/7/100,"pd6/0/0,aa3/0/0,tmd0,sh0,tml0,arty0",7/4/0,17/40,47/1/0/0,27/0/0/0,0.01/0.90
27843240,2,1629,729,Raid,Raid/0,none/0,idle,0/0,Balanced,7.6,124.2,14/11,68,GunshipCounter,Army,"A=80,T2=0,T3=0,X=0,N=0",0.32,0,combat-losses,11/470,4/200,TransportActive,no/0.0/0.00/none/0/0,806/996/stable,"L2,A2,N1",1/idle/map-cap,Siege:uel0401/0/0,49/12/1,48/0/0,0/0,252/45,21/60,16/0/0,1/0,6/18/42,1543/1543/1543,1276/230/0/2/1/1,36/17/4,31/2,3,0.111/0.180,"L0,A0,W0,M0,H0",8/0/0,13/35,2/98/64,13,expanding/0,"Lok/focus,Aok/focus,Ndomain/domain","pool:5/250/0/400,directed:10/604/0/1316,nativeLand:16/1128/2/116,nativeAir:0/0/0/0,nativeNaval:0/0/0/0,unassigned:3/600/1/0",3/3,748/2582/21,0/0/0/0/0,0,0,37/9/1,729,repairing/2/100,"pd9/0/0,aa4/0/0,tmd0,sh0,tml0,arty0",17/3/1,5/48,29/5/0/0,27/0/0/0,0.24/1.00
27843240,4,1641,729,JointAttack,JointAttack/0,none/0,idle,0/0,Recover,4.1,131.0,13/6,54,GunshipCounter,Army,"A=60,T2=0,T3=0,X=0,N=0",0.00,0,field-pressure,5/228,0/0,Ready,no/0.0/0.00/none/0/0,276/496/stable,"L2,A2,N1",1/building/construction-active,Siege:uel0401/0/0,44/12/0,40/3/0,0/0,0/45,12/60,10/0/0,0/0,6/32/28,1229/1229/1229,717/308/0/2/5/7,36/19/0,24/6,4,0.119/0.180,"L0,A0,W0,M0,H0",1/0/0,10/25,0/88/36,8,stall-risk/0,"Lstall/focus,Astall/focus,Ndomain/domain","pool:4/350/3/0,directed:21/1140/0/420,nativeLand:16/740/2/284,nativeAir:7/350/7/0,nativeNaval:0/0/0/0,unassigned:0/0/0/0",7/7,772/2580/13,0/0/0/0/0,0,0,50/4/3,729,idle/7/100,"pd6/0/0,aa3/0/0,tmd0,sh0,tml0,arty0",8/4/0,20/45,46/2/0/0,27/0/0/0,0.00/1.00
27843240,2,1694,789,Raid,Raid/0,Defend/0,idle,0/84/unmet,Recover,8.7,131.0,13/16,83,GunshipCounter,Army,"A=100,T2=0,T3=0,X=0,N=0",0.00,0,defense-pressure,11/496,5/250,Abandoned,yes/40.9/40.94/surface/0/18,846/290/losing,"L2,A2,N1",1/idle/map-cap,Siege:uel0401/0/0,49/12/0,48/0/0,0/0,252/45,21/60,18/4/1,1/0,6/18/42,1624/1624/1624,1355/230/0/2/5/5,36/16/0,42/2,14,0.108/0.180,"L0,A0,W0,M0,H0",3/0/0,13/38,1/115/72,13,upgrading/0,"Lalert/alert,Aalert/alert,Ndomain/domain","pool:5/520/3/600,directed:9/548/0/1372,nativeLand:23/2526/3/116,nativeAir:0/0/0/0,nativeNaval:0/0/0/0,unassigned:1/200/1/0",3/3,1160/3794/19,84/14/0/1/1,0,0,41/5/2,789,building/17/100,"pd10/0/0,aa6/0/0,tmd0,sh0,tml0,arty0",17/3/1,4/48,25/11/0/0,23/2/0/0,0.00/1.00
27843240,4,1706,789,JointAttack,JointAttack/0,Defend/0,idle,7/114/unmet,Recover,4.7,131.0,12/6,100,GunshipCounter,Army,"A=100,T2=0,T3=0,X=0,N=0",0.00,0,defense-pressure,14/646,0/0,Abandoned,yes/45.4/45.39/surface/0/0,786/871/stable,"L2,A2,N1",1/building/construction-active,Siege:uel0401/0/0,46/13/1,41/4/0,0/0,252/45,13/60,10/2/1,0/0,6/32/28,1833/1833/1833,818/651/0/3/8/8,36/14/0,31/8,8,0.101/0.180,"L0,A0,W0,M0,H0",1/0/0,10/33,0/96/43,8,stall-risk/2,"Lalert/alert,Aalert/alert,Ndomain/domain","pool:4/350/4/0,directed:16/920/0/640,nativeLand:11/824/2/598,nativeAir:7/350/7/0,nativeNaval:0/0/0/0,unassigned:2/400/2/0",7/7,700/2844/17,114/19/7/0/0,0,0,45/6/5,789,upgrading/7/100,"pd7/0/0,aa3/0/0,tmd0,sh0,tml0,arty0",8/5/0,13/45,35/4/0/0,23/2/0/0,0.01/1.00
27843240,2,1758,849,Raid,Raid/0,none/0,idle,0/0,Balanced,10.7,143.0,17/13,78,GunshipCounter,Army,"A=80,T2=0,T3=0,X=0,N=0",0.65,0,combat-losses,13/688,4/200,TransportActive,no/0.0/0.00/none/0/0,1088/658/losing,"L2,A2,N1",1/idle/map-cap,Siege:uel0401/0/0,49/13/0,48/0/0,0/0,252/45,21/60,18/0/0,1/0,6/18/42,1724/1724/1724,1455/230/0/2/10/9,36/10/0,42/2,6,0.086/0.180,"L0,A0,W0,M0,H0",3/0/3,15/43,0/130/79,13,expanding/0,"Lok/focus,Aok/focus,Ndomain/domain","pool:5/700/4/600,directed:12/1738/0/1500,nativeLand:13/1824/2/620,nativeAir:5/250/5/0,nativeNaval:0/0/0/0,unassigned:1/200/1/0",4/4,1396/4712/18,0/0/0/6/3,0,0,38/6/0,849,building/17/100,"pd11/0/0,aa7/0/0,tmd0,sh0,tml0,arty0",15/4/2,5/48,15/16/0/0,6/5/0/0,0.30/1.00
27843240,4,1768,849,JointAttack,JointAttack/0,none/0,idle,0/0,Balanced,11.5,150.2,13/21,113,GunshipCounter,Army,"A=80,T2=0,T3=0,X=0,N=0",0.03,0,combat-losses,22/1022,0/0,Ready,no/0.0/0.00/none/0/0,1230/1359/stable,"L2,A2,N1",1/building/construction-active,Siege:uel0401/0/0,46/15/1,41/4/0,0/0,252/45,14/60,11/0/0,0/0,6/32/28,2374/2374/2374,891/963/0/3/10/9,36/11/0,33/9,7,0.090/0.180,"L0,A0,W0,M0,H0",4/0/0,11/41,0/97/44,8,upgrading/2,"Lstall/focus,Astall/focus,Ndomain/domain","pool:3/150/3/0,directed:13/1204/0/956,nativeLand:7/652/2/770,nativeAir:7/350/7/0,nativeNaval:0/0/0/0,unassigned:5/850/3/0",5/5,1100/3206/14,0/0/0/4/1,0,0,35/8/4,849,upgrading/7/100,"pd7/0/0,aa3/0/0,tmd0,sh0,tml0,arty0",8/5/1,10/47,25/8/0/0,6/5/0/0,0.03/1.00
27843240,2,1835,909,Raid,Raid/0,none/0,idle,0/0,Balanced,12.1,152.2,17/14,143,GunshipCounter,Army,"A=80,T2=0,T3=0,X=0,N=0",0.41,0,combat-losses,18/1072,2/100,TransportActive,no/0.0/0.00/none/0/0,1356/596/losing,"L2,A2,N1",1/idle/map-cap,Siege:uel0401/0/0,49/13/0,48/0/0,0/0,252/45,21/60,19/0/0,1/0,6/18/42,2056/2056/2056,1623/393/0/2/14/13,36/10/0,53/2,16,0.086/0.180,"L0,A0,W0,M0,H0",7/0/0,16/50,1/142/90,14,upgrading/0,"Lok/focus,Aok/focus,Ndomain/domain","pool:9/1050/6/700,directed:10/1954/0/1884,nativeLand:16/2568/2/676,nativeAir:5/250/5/0,nativeNaval:0/0/0/0,unassigned:1/200/1/0",4/4,1918/6022/22,0/0/0/5/3,0,0,45/10/3,909,building/26/100,"pd11/0/0,aa7/0/0,tmd0,sh0,tml0,arty0",15/4/2,9/48,13/22/0/0,2/8/0/0,0.44/1.00
27843240,4,1845,909,JointAttack,JointAttack/0,none/0,idle,0/0,Recover,7.4,181.0,13/10,113,GunshipCounter,Army,"A=80,T2=0,T3=0,X=0,N=0",0.00,0,combat-losses,11/688,0/0,TransportActive,no/0.0/0.00/none/0/0,908/1603/stable,"L2,A2,N1",1/building/construction-active,Siege:uel0401/0/0,45/14/1,40/4/0,0/0,252/45,16/60,11/0/0,0/0,6/32/28,2860/2860/2860,1050/1212/0/4/11/8,36/14/0,38/9,7,0.101/0.180,"L0,A0,W0,M0,H0",0/0/0,11/50,0/99/45,8,stall-risk/2,"Lok/focus,Aok/focus,Ndomain/domain","pool:8/998/7/0,directed:12/1004/0/1156,nativeLand:11/1452/2/770,nativeAir:7/350/7/0,nativeNaval:0/0/0/0,unassigned:0/0/0/0",5/5,898/3804/18,0/0/0/4/1,0,0,41/8/8,909,assisting/9/100,"pd8/0/0,aa3/0/0,tmd0,sh0,tml0,arty0",9/6/1,11/46,25/11/0/0,2/8/0/0,0.00/1.00
27843240,2,1906,969,Raid,Raid/0,none/0,idle,0/0,Balanced,10.4,155.0,18/15,109,GunshipCounter,Army,"A=80,T2=0,T3=0,X=0,N=0",0.33,0,combat-losses,7/476,5/250,Ready,no/0.0/0.00/none/0/0,838/140/losing,"L2,A2,N1",1/idle/map-cap,Siege:uel0401/0/0,49/14/0,48/0/0,1/2,252/45,21/60,19/0/0,1/0,6/18/42,2490/2490/2490,1678/772/0/2/15/10,36/13/0,55/2,14,0.097/0.180,"L0,A0,W0,M0,H0",4/2/1,17/54,9/161/92,15,upgrading/0,"Lok/focus,Aok/focus,Ndomain/domain","pool:4/200/2/850,directed:12/2518/0/1920,nativeLand:24/4168/3/676,nativeAir:5/250/5/0,nativeNaval:0/0/0/0,unassigned:6/900/6/0",4/4,1896/8036/22,0/0/0/5/4,0,0,55/10/3,969,assisting/19/100,"pd11/0/0,aa8/0/0,tmd0,sh0,tml0,arty0",15/3/3,5/48,13/32/0/0,2/13/0/0,0.77/1.00
27843240,4,1914,969,JointAttack,JointAttack/0,none/0,idle,0/0,Recover,9.2,181.0,16/12,115,GunshipCounter,Army,"A=80,T2=0,T3=0,X=0,N=0",0.00,0,combat-losses,12/1018,0/0,Ready,no/0.0/0.00/none/0/0,1262/1377/stable,"L3,A2,N1",1/building/construction-active,Siege:uel0401/0/0,44/17/2,39/4/0,0/0,0/45,19/60,12/0/0,0/0,6/32/28,3205/3205/3205,1142/1434/0/5/13/7,36/12/0,40/10,6,0.093/0.180,"L0,A0,W0,M0,H0",0/0/0,12/52,0/101/47,9,stall-risk/2,"Lstall/stall,Astall/focus,Ndomain/domain","pool:7/650/6/0,directed:6/870/0/1888,nativeLand:12/1966/2/856,nativeAir:7/350/7/0,nativeNaval:0/0/0/0,unassigned:0/0/0/0",3/3,950/3836/18,0/0/0/4/0,0,0,35/7/7,969,repairing/24/100,"pd8/0/0,aa3/0/0,tmd0,sh0,tml0,arty0",12/5/2,14/47,16/13/0/0,2/13/0/0,0.00/1.00
27843240,2,2007,1029,Raid,Raid/0,none/0,idle,0/0,Balanced,18.4,170.0,17/23,103,GunshipCounter,Army,"A=80,T2=0,T3=0,X=0,N=0",0.50,0,combat-losses,5/832,5/250,TransportActive,no/0.0/0.00/none/0/0,1386/298/losing,"L2,A2,N1",1/idle/map-cap,Siege:uel0401/0/0,46/18/3,45/0/0,1/2,252/45,21/60,19/0/0,1/0,6/18/42,2716/2716/2716,1685/990/0/5/15/8,36/10/0,56/2,6,0.086/0.180,"L0,A0,W0,M0,H0",4/2/3,20/67,3/178/111,16,upgrading/0,"Lok/focus,Aok/focus,Ndomain/domain","pool:10/1250/9/950,directed:21/4318/0/2120,nativeLand:18/2972/2/1272,nativeAir:8/400/8/0,nativeNaval:0/0/0/0,unassigned:0/0/0/0",7/7,1910/8940/24,0/0/0/5/4,0,0,64/10/1,1029,building/19/100,"pd11/0/0,aa8/0/0,tmd0,sh0,tml0,arty0",15/3/3,5/45,15/36/0/0,2/16/0/0,0.64/1.00
27843240,4,2016,1029,JointAttack,JointAttack/0,none/0,idle,0/0,Balanced,17.8,247.0,16/24,128,GunshipCounter,Army,"A=80,T2=0,T3=0,X=0,N=0",0.65,0,combat-losses,13/1218,0/0,Ready,no/0.0/0.00/none/0/0,1434/1800/stable,"L3,A2,N1",1/building/construction-active,Siege:uel0401/0/0,46/18/1,41/4/0,1/2,252/45,19/60,13/0/0,0/0,6/32/28,3590/3590/3590,1269/1691/0/5/15/7,36/10/3,51/10,8,0.086/0.180,"L0,A0,W0,M0,H0",0/2/0,13/60,2/109/52,13,none/2,"Lok/energy,Aok/energy,Ndomain/domain","pool:7/650/5/0,directed:8/1270/0/2088,nativeLand:11/1764/2/1056,nativeAir:7/350/7/0,nativeNaval:0/0/0/0,unassigned:1/200/1/0",4/4,1148/4234/18,0/0/0/3/0,0,0,41/8/6,1029,assisting/14/100,"pd9/0/0,aa4/0/0,tmd0,sh0,tml0,arty0",10/6/3,9/47,17/16/0/0,2/16/0/0,0.31/1.00
27843240,2,2109,1089,Raid,Raid/0,none/0,idle,0/0,Balanced,12.2,181.5,18/15,39,GunshipCounter,Army,"A=80,T2=0,T3=0,X=0,N=0",0.33,0,combat-losses,13/2714,6/300,TransportActive,no/0.0/0.00/none/0/0,3382/366/losing,"L2,A3,N1",1/idle/map-cap,Siege:uel0401/0/0,45/18/4,44/0/0,0/0,252/45,21/60,23/0/0,1/0,6/18/42,2879/2879/2879,1703/1134/0/6/15/5,36/9/0,67/2,18,0.083/0.180,"L0,A0,W0,M0,H0",3/0/5,22/82,5/192/116,19,none/0,"Lok/focus,Aok/energy,Ndomain/domain","pool:9/1200/5/1150,directed:23/4600/0/3038,nativeLand:17/2772/3/2272,nativeAir:8/400/8/0,nativeNaval:0/0/0/0,unassigned:0/0/0/0",8/8,2600/8972/29,0/0/0/5/3,0,0,67/9/1,1089,idle/19/100,"pd11/0/0,aa9/0/0,tmd0,sh0,tml0,arty0",15/2/4,0/44,14/39/0/0,2/23/0/0,0.72/1.00
27843240,4,2119,1089,JointAttack,JointAttack/0,Defend/0,idle,5/134/unmet,Balanced,16.5,241.0,18/22,137,GunshipCounter,Army,"A=100,T2=0,T3=0,X=0,N=0",0.15,0,defense-pressure,6/1056,0/0,Abandoned,yes/66.9/66.90/surface/0/10,1340/1388/stable,"L3,A2,N1",1/building/construction-active,Siege:uel0401/0/0,45/18/1,40/4/0,0/0,252/45,20/60,14/2/1,0/0,6/32/28,3855/3855/3855,1445/1804/0/6/17/8,36/12/0,57/10,11,0.093/0.180,"L0,A0,W0,M0,H0",2/0/0,15/66,2/133/59,14,none/2,"Lalert/alert,Aalert/alert,Ndomain/domain","pool:6/640/4/0,directed:13/2268/0/2288,nativeLand:8/1328/2/1512,nativeAir:11/550/11/0,nativeNaval:0/0/0/0,unassigned:0/0/0/0",5/5,1316/4786/19,134/10/5/5/1,0,0,46/6/4,1089,idle/11/100,"pd9/0/0,aa4/0/0,tmd0,sh0,tml0,arty0",11/6/3,9/46,19/17/0/0,2/23/0/0,0.06/1.00
27843240,2,2206,1149,Raid,Raid/0,none/0,idle,0/0,ExpandProduction,12.3,197.0,21/16,45,Balanced,Army,"A=80,T2=0,T3=0,X=0,N=0",0.85,0,combat-losses,12/2518,8/400,TransportActive,no/0.0/0.00/none/0/0,3198/156/losing,"L2,A3,N1",1/idle/map-cap,Siege:uel0401/0/0,47/18/2,46/0/0,1/2,252/45,21/60,24/0/0,1/0,6/18/42,3017/3017/3017,1751/1222/0/7/15/5,36/9/0,67/2,10,0.083/0.180,"L0,A0,W0,M0,H0",2/2/0,24/93,1/207/117,20,none/0,"Lok/focus,Aok/energy,Ndomain/domain","pool:2/100/1/1350,directed:27/5400/0/3438,nativeLand:24/4172/2/2472,nativeAir:8/400/8/0,nativeNaval:0/0/0/0,unassigned:7/1100/7/0",9/9,2360/11172/25,0/0/0/4/3,0,0,79/8/4,1149,assisting/19/100,"pd13/0/0,aa11/0/0,tmd0,sh0,tml0,arty0",15/2/4,4/46,14/47/0/0,2/29/0/0,0.74/1.00
27843240,4,2218,1149,JointAttack,JointAttack/0,none/0,idle,0/0,Balanced,12.8,241.0,18/17,96,GunshipCounter,Army,"A=80,T2=0,T3=0,X=0,N=0",0.15,0,combat-losses,6/890,1/50,TransportActive,no/0.0/0.00/none/0/0,1248/1041/stable,"L3,A2,N1",1/building/construction-active,Siege:uel0401/0/0,44/18/2,39/4/0,0/0,0/45,21/60,15/0/0,0/0,6/32/28,4282/4282/4282,1690/2012/0/7/19/8,36/8/0,60/10,5,0.079/0.180,"L0,A0,W0,M0,H0",0/0/0,17/75,0/137/60,17,stall-risk/2,"Lok/energy,Aok/focus,Ndomain/domain","pool:6/746/3/50,directed:17/3312/0/2522,nativeLand:5/710/2/1512,nativeAir:11/550/11/0,nativeNaval:0/0/0/0,unassigned:1/200/1/0",7/7,1596/5518/16,0/0/0/6/1,0,0,51/7/7,1149,repairing/11/100,"pd9/0/0,aa5/0/0,tmd0,sh0,tml0,arty0",10/8/3,15/46,17/21/0/0,2/29/0/0,0.00/1.00
27843240,2,2305,1209,Raid,Raid/0,none/0,idle,0/0,Balanced,12.6,219.0,22/16,40,Balanced,Army,"A=80,T2=0,T3=0,X=0,N=0",0.35,0,combat-losses,11/2200,4/200,Ready,no/0.0/0.00/none/0/0,2896/52/losing,"L2,A3,N1",1/idle/map-cap,Siege:uel0401/0/0,45/18/6,44/0/0,0/0,252/45,21/60,24/0/0,1/0,6/18/42,3156/3156/3156,1762/1351/0/12/17/9,36/13/0,76/2,13,0.097/0.180,"L0,A0,W0,M0,H0",0/0/7,28/107,7/227/119,20,none/0,"Lok/focus,Aok/energy,Ndomain/domain","pool:9/1810/7/1350,directed:33/6600/1/4838,nativeLand:20/3372/2/2672,nativeAir:10/500/10/0,nativeNaval:0/0/0/0,unassigned:3/150/3/0",11/11,2800/12432/25,0/0/0/4/3,0,0,85/9/2,1209,building/19/100,"pd13/0/0,aa11/0/0,tmd0,sh0,tml0,arty0",15/2/4,3/44,15/52/0/0,2/33/0/0,0.79/1.00
27843240,4,2318,1209,JointAttack,JointAttack/0,none/0,idle,0/0,Recover,14.4,251.0,18/19,74,GunshipCounter,Army,"A=80,T2=0,T3=0,X=0,N=0",0.00,0,combat-losses,8/1472,2/100,Ready,no/0.0/0.00/none/0/0,1890/1421/losing,"L3,A2,N1",1/building/construction-active,Siege:uel0401/0/0,44/18/3,38/5/0,0/0,0/45,21/60,15/0/0,0/0,6/32/28,4846/4846/4846,2065/2200/0/9/21/10,36/13/0,62/11,4,0.097/0.180,"L0,A0,W0,M0,H0",1/0/0,18/82,1/143/64,17,none/2,"Lok/energy,Aok/focus,Ndomain/domain","pool:2/100/2/100,directed:15/2868/0/3562,nativeLand:8/1306/2/1710,nativeAir:11/550/11/0,nativeNaval:0/0/0/0,unassigned:4/814/2/0",7/7,1590/5638/16,0/0/0/4/0,0,0,54/6/5,1209,repairing/11/100,"pd10/0/0,aa5/0/0,tmd0,sh0,tml0,arty0",10/8/3,19/46,16/22/0/0,2/33/0/0,0.00/1.00
27843240,2,2401,1269,Raid,Raid/0,Defend/3,yielded,7/108/unmet,ExpandProduction,14.6,235.0,22/19,109,GunshipCounter,Army,"A=100,T2=0,T3=0,X=0,N=0",0.85,0,defense-pressure,29/5800,0/0,Abandoned,yes/93.6/93.59/surface/0/50,6444/104/losing,"L2,A3,N1",1/idle/map-cap,Siege:uel0401/0/0,42/18/8,41/0/0,0/0,0/45,21/60,24/4/1,1/0,6/18/42,3279/3279/3279,1813/1422/0/15/23/17,36/10/1,87/2,14,0.086/0.180,"L3,A0,W0,M0,H0",10/0/0,29/108,5/266/124,22,none/0,"Lalert/alert,Aalert/alert,Ndomain/domain","pool:15/1810/12/1350,directed:23/4600/0/7438,nativeLand:26/4572/4/4272,nativeAir:11/550/10/0,nativeNaval:0/0/0/0,unassigned:0/0/0/0",8/8,2860/11532/27,108/11/7/10/3,0,0,90/15/5,1269,idle/19/100,"pd13/0/0,aa11/0/0,tmd0,sh0,tml0,arty0",15/1/5,17/45,24/47/0/0,2/39/0/0,0.78/1.00
27843240,4,2412,1269,JointAttack,JointAttack/0,Defend/0,idle,5/132/unmet,Balanced,19.5,282.6,18/21,71,GunshipCounter,Army,"A=100,T2=0,T3=40,X=0,N=0",0.44,0,defense-pressure,12/2434,1/50,Abandoned,yes/95.4/95.38/surface/0/0,2806/804/losing,"L3,A2,N1",1/idle/defense-alert,Siege:uel0401/0/0,47/18/2,38/7/1,0/0,252/45,21/60,15/2/1,0/0,6/32/28,5331/5331/5331,2512/2238/0/9/23/9,36/17/0,74/12,8,0.111/0.180,"L0,A0,W0,M0,H0",1/0/0,19/83,3/163/78,17,none/2,"Lalert/alert,Aalert/alert,Ndomain/domain","pool:2/100/2/100,directed:12/2288/0/4758,nativeLand:8/1306/2/1710,nativeAir:11/550/11/0,nativeNaval:0/0/0/0,unassigned:2/960/1/0",6/6,1594/5204/15,132/25/5/3/0,0,0,53/4/3,1269,building/11/100,"pd10/0/0,aa5/0/0,tmd0,sh0,tml0,arty0",10/4/7,25/48,16/17/1/0,2/39/0/0,0.19/1.00
27843240,2,2475,1329,Raid,Raid/0,Defend/0,idle,5/83/unmet,Balanced,15.0,280.9,22/19,117,GunshipCounter,Army,"A=100,T2=0,T3=37,X=0,N=0",0.35,0,defense-pressure,29/5800,3/150,Abandoned,yes/83.9/6.99/surface/12/95,6770/104/losing,"L3,A3,N1",1/idle/map-cap,Siege:uel0401/0/0,45/18/7,44/0/0,0/0,252/45,21/60,24/4/1,1/0,6/18/42,3592/3592/3592,1917/1629/0/19/25/22,36/11/3,95/2,9,0.090/0.180,"L0,A0,W0,M0,H0",9/0/3,31/125,0/310/124,22,none/0,"Lalert/alert,Aalert/alert,Ndomain/domain","pool:14/3830/8/1500,directed:22/4400/0/8838,nativeLand:31/5572/3/4472,nativeAir:20/1000/20/0,nativeNaval:0/0/0/0,unassigned:0/0/0/0",8/8,3360/14802/31,83/10/5/28/7,0,0,99/14/2,1329,idle/19/100,"pd13/0/0,aa11/0/0,tmd0,sh0,tml0,arty0",15/1/5,17/44,29/53/0/0,2/45/0/0,0.96/0.89
27843240,4,2484,1329,JointAttack,JointAttack/0,Defend/0,idle,20/125/unmet,Balanced,20.5,341.0,20/23,64,GunshipCounter,Army,"A=100,T2=0,T3=37,X=0,N=0",0.34,0,defense-pressure,11/2048,1/50,Abandoned,yes/96.2/18.03/surface/5/5,2458/424/losing,"L3,A2,N1",1/idle/defense-alert,Siege:uel0401/0/0,45/18/2,36/7/1,0/0,252/45,22/60,17/2/1,0/0,6/32/28,5492/5492/5492,2670/2247/0/11/24/9,36/17/1,80/13,5,0.111/0.180,"L0,A0,W0,M0,H0",2/0/0,19/90,2/192/78,17,none/2,"Lalert/alert,Aalert/alert,Ndomain/domain","pool:6/1160/3/150,directed:9/1834/0/5212,nativeLand:8/1868/2/2108,nativeAir:11/550/11/0,nativeNaval:0/0/0/0,unassigned:0/0/0/0",4/4,1510/5412/13,125/40/20/5/0,0,0,57/6/4,1329,idle/10/100,"pd10/0/0,aa5/0/0,tmd0,sh0,tml0,arty0",11/4/7,16/46,16/13/3/0,2/45/0/0,0.74/1.00
27843240,2,2531,1389,Raid,Raid/13,Defend/0,held,6/65/unmet,ExpandProduction,18.2,247.0,22/20,137,GunshipCounter,Army,"A=100,T2=0,T3=0,X=0,N=0",0.85,0,defense-pressure,25/4660,4/200,Abandoned,yes/57.4/1.59/surface/36/125,5496/0/losing,"L3,A3,N1",1/idle/map-cap,Siege:uel0401/0/0,45/18/4,44/0/0,0/0,252/45,21/60,24/4/1,1/0,6/18/42,3922/3922/3922,2032/1844/0/19/29/19,36/9/0,102/2,11,0.083/0.180,"L13,A0,W0,M0,H0",5/0/3,33/127,1/349/130,22,none/0,"Lalert/alert,Aalert/alert,Ndomain/domain","pool:12/4366/10/1550,directed:20/4000/0/10438,nativeLand:29/5496/4/5932,nativeAir:24/2650/20/0,nativeNaval:0/0/0/0,unassigned:0/0/0/0",7/7,5452/16512/33,65/34/6/29/9,0,0,99/11/3,1389,idle/19/100,"pd13/0/0,aa11/0/0,tmd0,sh0,tml0,arty0",15/1/5,13/44,26/52/1/0,2/50/0/0,1.00/1.00
27843240,4,2540,1389,JointAttack,JointAttack/0,Defend/0,idle,20/116/unmet,Balanced,24.8,441.0,20/24,76,AirDefense,Army,"A=100,T2=0,T3=44,X=0,N=0",0.54,0,defense-pressure,7/1270,2/100,Abandoned,yes/98.8/98.78/surface/0/5,2498/200/losing,"L3,A2,N1",1/idle/defense-alert,Siege:uel0401/0/0,45/18/8,35/7/2,0/0,252/45,21/60,19/2/1,1/0,6/32/28,5717/5717/5717,2890/2252/0/17/28/15,36/15/0,100/13,14,0.104/0.180,"L0,A0,W0,M0,H0",0/0/0,20/91,5/218/78,17,none/2,"Lalert/alert,Aalert/alert,Ndomain/domain","pool:6/1070/4/200,directed:10/2596/0/5630,nativeLand:8/1868/2/2108,nativeAir:11/550/11/0,nativeNaval:0/0/0/0,unassigned:0/0/0/0",4/4,1500/6084/15,116/30/20/5/1,0,0,62/6/6,1389,building/10/100,"pd10/1/0,aa5/0/0,tmd1,sh0,tml0,arty0",10/4/7,17/46,16/14/4/0,2/50/0/0,0.52/1.00
27843240,2,2586,1449,Raid,Raid/0,Defend/0,idle,0/82/unmet,ExpandProduction,16.2,285.2,22/21,137,GunshipCounter,Army,"A=100,T2=0,T3=80,X=0,N=0",0.85,0,defense-pressure,19/3460,2/100,Abandoned,yes/90.2/3.76/surface/24/110,3760/1860/losing,"L3,A3,N1",1/idle/map-cap,Siege:uel0401/0/0,45/17/0,44/0/0,0/0,252/45,21/60,24/4/1,1/0,6/18/42,4095/4095/4095,2146/1903/0/19/32/13,36/10/0,112/2,15,0.086/0.180,"L0,A0,W0,M0,H0",6/0/0,35/136,5/384/132,22,none/0,"Lalert/alert,Aalert/alert,Ndomain/domain","pool:9/3674/6/1600,directed:24/5136/0/10838,nativeLand:36/7234/9/5932,nativeAir:25/4150/18/0,nativeNaval:0/0/0/0,unassigned:0/0/0/0",8/8,4506/20194/32,82/41/0/30/8,0,0,109/9/3,1449,idle/19/100,"pd13/0/0,aa11/0/0,tmd0,sh0,tml0,arty0",15/1/5,10/44,25/63/2/0,2/55/0/0,1.00/1.00
27843240,4,2594,1449,JointAttack,JointAttack/0,Defend/0,idle,20/121/unmet,Balanced,19.9,441.0,21/24,89,AirDefense,Army,"A=100,T2=0,T3=39,X=0,N=0",0.39,0,defense-pressure,10/2030,2/100,Abandoned,yes/95.6/3.15/surface/30/1,3644/580/losing,"L3,A2,N1",1/idle/defense-alert,Siege:uel0401/0/0,51/18/8,39/9/2,0/0,252/45,21/60,21/2/1,1/0,6/32/28,6217/6217/6217,3360/2281/0/19/31/18,36/14/0,106/13,8,0.101/0.180,"L0,A0,W0,M0,H0",0/0/0,21/94,2/251/78,17,none/2,"Lalert/alert,Aalert/alert,Ndomain/domain","pool:4/1060/4/250,directed:7/2300/0/6846,nativeLand:6/1472/2/2504,nativeAir:11/550/11/0,nativeNaval:0/0/0/0,unassigned:0/0/0/0",3/3,1990/5382/12,121/40/20/3/0,0,0,61/4/4,1449,idle/4/100,"pd9/1/0,aa6/1/0,tmd2,sh0,tml0,arty0",9/5/7,18/52,15/6/6/0,2/55/0/0,0.53/1.00
27843240,2,2648,1509,Raid,Raid/0,Defend/0,idle,3/86/unmet,ExpandProduction,16.4,269.0,23/21,163,AirDefense,Army,"A=100,T2=0,T3=80,X=0,N=0",0.85,0,defense-pressure,6/1200,2/1550,Abandoned,yes/151.4/6.31/surface/24/95,3110/3370/stable,"L3,A3,N1",1/idle/map-cap,Siege:uel0401/0/0,45/18/0,44/0/0,0/0,252/45,21/60,24/4/1,1/0,6/18/42,4350/4350/4350,2288/2011/0/19/32/7,36/12/0,115/2,15,0.093/0.180,"L0,A0,W0,M0,H0",6/0/0,38/155,7/431/132,22,none/0,"Lalert/alert,Aalert/alert,Ndomain/domain","pool:9/3658/8/1600,directed:31/6710/0/11238,nativeLand:41/8068/12/6332,nativeAir:25/4150/1/1500,nativeNaval:0/0/0/0,unassigned:0/0/0/0",11/11,5030/22586/32,86/15/3/36/4,0,0,120/9/3,1509,idle/19/100,"pd13/0/0,aa11/0/0,tmd0,sh0,tml0,arty0",15/1/5,8/44,25/73/2/0,2/59/0/0,1.00/1.00
27843240,4,2655,1509,JointAttack,JointAttack/0,Defend/0,idle,20/115/unmet,ExpandProduction,32.8,441.0,21/24,90,AirDefense,Army,"A=100,T2=0,T3=55,X=0,N=0",0.85,0,defense-pressure,10/2032,1/50,Abandoned,yes/98.7/98.68/surface/0/0,3348/580/losing,"L3,A3,N1",1/idle/defense-alert,Siege:uel0401/0/0,51/18/2,39/9/2,0/0,252/45,21/60,23/2/1,1/0,6/32/28,6576/6576/6576,3599/2507/0/19/31/15,36/14/0,127/13,21,0.101/0.160,"L0,A0,W0,M0,H0",1/0/0,21/96,2/286/78,17,none/2,"Lalert/alert,Aalert/alert,Ndomain/domain","pool:6/1500/4/250,directed:5/1880/0/7266,nativeLand:11/3352/2/2504,nativeAir:11/550/11/0,nativeNaval:0/0/0/0,unassigned:0/0/0/0",2/2,2650/7282/13,115/40/20/6/0,0,0,70/6/5,1509,idle/7/100,"pd9/1/0,aa8/1/0,tmd2,sh2,tml0,arty0",9/2/10,18/52,15/8/8/0,2/59/0/0,0.74/1.00
27843240,2,2706,1569,Raid,Raid/3,Defend/0,held,27/157/unmet,Balanced,19.1,271.0,26/24,157,AirDefense,Army,"A=100,T2=0,T3=0,X=0,N=0",0.44,0,defense-pressure,13/2600,3/3360,Abandoned,yes/84.4/7.04/surface/12/124,6712/2142/losing,"L3,A3,N1",1/idle/map-cap,Siege:uel0401/0/0,49/18/4,44/3/1,0/0,252/45,21/60,27/4/1,1/0,6/18/42,4699/4699/4699,2397/2232/0/24/32/8,36/16/0,132/2,23,0.108/0.160,"L0,A3,W0,M0,H0",0/0/2,43/165,3/489/145,22,none/0,"Lalert/alert,Aalert/alert,Ndomain/domain","pool:5/2920/3/1960,directed:39/8242/1/13038,nativeLand:31/6134/19/6332,nativeAir:25/4150/1/3000,nativeNaval:0/0/0/0,unassigned:0/0/0/0",12/13,5060/21446/29,157/80/27/33/5,0,0,118/5/3,1569,assisting/19/100,"pd14/0/0,aa11/0/0,tmd0,sh0,tml0,arty0",15/1/5,17/48,25/71/2/0,2/54/1/0,0.98/0.45
27843240,4,2714,1569,JointAttack,JointAttack/0,Defend/0,idle,20/248/unmet,Balanced,23.6,441.5,21/24,89,AirDefense,Army,"A=100,T2=0,T3=67,X=0,N=0",0.49,0,defense-pressure,5/1600,0/0,Abandoned,yes/101.7/4.07/surface/25/16,3032/1194/losing,"L3,A3,N1",0/idle/defense-alert,Siege:uel0401/0/0,46/18/5,34/9/2,0/0,252/45,21/60,23/2/1,1/0,6/32/28,6865/6865/6865,3746/2868/0/24/31/10,36/15/0,139/13,15,0.104/0.180,"L0,A0,W0,M0,H0",7/0/0,23/98,2/316/78,17,none/2,"Lalert/alert,Aalert/alert,Ndomain/domain","pool:12/1770/5/250,directed:8/2540/0/8446,nativeLand:12/4352/2/2504,nativeAir:11/550/11/0,nativeNaval:0/0/0/0,unassigned:0/0/0/0",3/3,2930/9212/18,248/45/20/14/3,0,0,79/12/5,1569,idle/7/100,"pd9/1/0,aa8/1/0,tmd2,sh2,tml0,arty0",9/2/10,23/47,20/7/11/0,2/54/1/0,0.97/0.76
27843240,2,2766,1629,Raid,Raid/0,Defend/0,idle,0/517/unmet,Balanced,19.1,281.0,24/24,224,AirDefense,Army,"A=100,T2=0,T3=0,X=0,N=0",0.57,0,defense-pressure,16/3320,11/4380,Abandoned,yes/235.1/235.07/surface/0/60,8608/1136/losing,"L3,A3,N1",1/idle/map-cap,Siege:uel0401/0/0,48/18/5,43/3/1,0/0,252/45,21/60,27/4/1,1/0,6/18/42,5507/5507/5507,2670/2768/0/24/32/5,36/14/0,150/2,34,0.101/0.180,"L0,A0,W0,M0,H0",1/0/0,44/166,15/529/166,22,none/0,"Lalert/alert,Aalert/alert,Ndomain/domain","pool:3/2460/2/2680,directed:36/8102/0/14358,nativeLand:30/5934/18/6532,nativeAir:19/3850/1/4800,nativeNaval:0/0/0/0,unassigned:0/0/0/0",12/12,4660/20346/30,517/41/0/27/5,0,0,108/3/2,1629,assisting/19/100,"pd16/0/0,aa11/0/0,tmd0,sh0,tml0,arty0",15/1/5,9/47,20/63/5/0,2/53/4/0,1.00/0.35
27843240,4,2774,1629,JointAttack,JointAttack/0,Defend/0,idle,42/225/unmet,ExpandProduction,26.6,491.5,20/24,93,Balanced,Army,"A=100,T2=0,T3=80,X=0,N=0",0.85,0,defense-pressure,3/1180,5/250,Abandoned,yes/120.7/3.26/surface/37/31,2626/2384/stable,"L3,A3,N1",0/idle/defense-alert,Siege:uel0401/0/0,45/18/6,33/9/2,0/0,252/45,20/60,23/2/1,2/0,6/32/28,7144/7144/7144,3879/3112/0/25/31/6,36/15/0,157/13,29,0.104/0.180,"L0,A0,W0,M0,H0",6/0/0,23/99,5/336/81,17,none/2,"Lalert/alert,Aalert/alert,Ndomain/domain","pool:11/2460/8/860,directed:8/2540/0/8446,nativeLand:16/6272/2/2504,nativeAir:11/550/11/0,nativeNaval:0/0/0/0,unassigned:0/0/0/0",3/3,3240/11822/19,225/82/42/14/2,0,0,85/12/6,1629,idle/8/100,"pd9/1/0,aa8/1/0,tmd2,sh2,tml0,arty0",6/3/11,13/46,19/8/16/0,2/53/4/0,1.00/0.91
27843240,2,2818,1689,Raid,Raid/0,Defend/0,idle,0/165/unmet,Balanced,16.8,368.1,24/22,204,Balanced,Army,"A=100,T2=0,T3=0,X=0,N=0",0.39,0,defense-pressure,19/4394,12/4120,Abandoned,yes/107.7/107.66/surface/0/60,9322/504/losing,"L3,A3,N1",1/idle/map-cap,Siege:uel0401/0/0,47/18/2,42/3/1,0/0,252/45,22/60,27/4/1,1/0,6/18/42,6432/6432/6432,3065/3298/0/25/33/7,36/10/0,166/2,24,0.086/0.180,"L0,A0,W0,M0,H0",0/0/3,47/169,0/568/166,22,none/1,"Lalert/alert,Aalert/alert,Ndomain/domain","pool:4/2680/2/2680,directed:38/8226/1/16434,nativeLand:28/6096/16/7330,nativeAir:17/3750/6/6400,nativeNaval:0/0/0/0,unassigned:0/0/0/0",12/13,9650/20752/29,165/26/0/25/8,0,0,105/4/1,1689,idle/19/100,"pd16/0/0,aa11/0/0,tmd0,sh0,tml0,arty0",16/1/5,21/46,17/61/7/0,2/54/7/0,1.00/0.99
27843240,4,2827,1689,JointAttack,JointAttack/0,Defend/0,idle,5/216/unmet,ExpandProduction,28.4,491.5,22/24,94,GunshipCounter,Army,"A=100,T2=0,T3=80,X=0,N=0",0.85,0,defense-pressure,6/2620,12/1220,Abandoned,yes/156.0/156.04/surface/0/0,4648/1390/losing,"L3,A3,N1",0/idle/defense-alert,Siege:uel0401/0/0,51/18/2,35/12/3,0/0,252/45,20/60,23/2/1,2/0,6/32/28,7364/7364/7364,4009/3202/0/26/33/9,36/15/0,182/13,22,0.104/0.180,"L0,A0,W0,M0,H0",7/0/0,25/100,1/376/90,17,none/2,"Lalert/alert,Aalert/alert,Ndomain/domain","pool:9/1500/6/1470,directed:14/4380/0/9146,nativeLand:17/6492/2/4424,nativeAir:11/550/11/0,nativeNaval:0/0/0/0,unassigned:1/480/1/0",4/4,3770/13402/16,216/25/5/21/2,0,0,90/10/3,1689,assisting/7/100,"pd9/1/0,aa8/1/0,tmd2,sh2,tml0,arty0",6/2/12,23/52,18/13/17/0,2/54/7/0,1.00/1.00
27843240,2,2878,1749,Raid,Raid/0,Defend/0,idle,0/173/unmet,Balanced,16.8,360.1,23/22,197,GunshipCounter,Army,"A=100,T2=0,T3=0,X=0,N=0",0.39,0,defense-pressure,29/6346,4/3100,Abandoned,yes/164.7/6.59/surface/25/66,10122/200/losing,"L3,A3,N1",1/idle/map-cap,Siege:uel0401/0/0,45/18/3,40/3/1,0/0,252/45,22/60,27/4/1,2/0,6/18/42,7657/7657/7657,3577/4011/0/27/33/4,36/9/0,169/2,10,0.083/0.180,"L0,A0,W0,M0,H0",2/0/0,48/176,0/596/166,22,none/1,"Lalert/alert,Aalert/alert,Ndomain/domain","pool:3/2460/2/2680,directed:32/7534/0/18306,nativeLand:22/5456/7/8930,nativeAir:18/5250/16/7900,nativeNaval:0/0/0/0,unassigned:0/0/0/0",12/12,6676/20700/24,173/15/0/20/5,0,0,92/3/1,1749,idle/19/100,"pd16/0/0,aa11/0/0,tmd0,sh0,tml0,arty0",16/1/5,22/44,17/44/12/0,2/54/9/0,1.00/0.69
27843240,4,2886,1749,JointAttack,JointAttack/0,Defend/0,idle,20/256/unmet,ExpandProduction,28.6,541.5,25/24,86,Balanced,Army,"A=100,T2=0,T3=0,X=0,N=0",0.85,0,defense-pressure,13/4940,13/1890,Abandoned,yes/233.2/43.72/surface/5/14,7362/298/losing,"L3,A3,N1",0/idle/defense-alert,Siege:uel0401/0/0,50/18/2,34/12/3,0/0,252/45,20/60,24/2/1,2/0,6/32/28,7858/7858/7858,4419/3286/0/27/33/5,36/10/0,198/13,18,0.086/0.180,"L0,A0,W0,M0,H0",2/0/0,26/101,0/399/90,17,none/2,"Lalert/alert,Aalert/alert,Ndomain/domain","pool:7/2970/7/2340,directed:11/3720/0/10986,nativeLand:18/7232/2/4904,nativeAir:14/700/11/50,nativeNaval:0/0/0/0,unassigned:0/0/0/0",3/3,5510/14622/16,256/45/20/16/0,0,0,93/7/5,1749,idle/21/100,"pd9/1/0,aa8/1/0,tmd2,sh2,tml0,arty0",6/2/12,20/51,19/8/19/0,2/54/9/0,1.00/1.00
27843240,2,2950,1809,Raid,Raid/0,Defend/0,idle,0/141/unmet,Recover,12.1,335.0,26/16,159,Balanced,Army,"A=100,T2=0,T3=0,X=0,N=0",0.00,0,defense-pressure,28/5664,3/4500,Abandoned,yes/244.7/244.68/surface/0/80,10748/824/losing,"L3,A3,N1",1/idle/map-cap,Siege:uel0401/0/0,54/18/4,43/8/2,0/0,252/45,23/60,28/4/1,2/0,6/18/42,8707/8707/8707,3919/4719/0/29/36/9,36/12/0,174/2,7,0.093/0.180,"L0,A0,W0,M0,H0",2/0/0,48/194,0/678/166,22,stall-risk/1,"Lalert/alert,Aalert/alert,Ndomain/domain","pool:3/2460/3/2680,directed:27/6538/0/19302,nativeLand:20/6180/7/10126,nativeAir:17/3750/1/10900,nativeNaval:0/0/0/0,unassigned:0/0/0/0",11/11,4590/18928/23,141/26/0/17/6,0,0,85/3/1,1809,assisting/19/100,"pd16/0/0,aa11/0/0,tmd0,sh0,tml0,arty2",17/1/5,23/53,17/33/14/0,2/53/13/0,1.00/0.00
27843240,4,2960,1809,JointAttack,JointAttack/0,Defend/0,idle,20/284/unmet,Balanced,28.8,541.5,25/24,76,Balanced,Army,"A=100,T2=0,T3=0,X=0,N=0",0.42,0,defense-pressure,15/6160,11/1480,Abandoned,yes/247.6/247.58/surface/0/0,8572/716/losing,"L3,A3,N1",0/idle/defense-alert,Siege:uel0401/0/0,47/18/4,33/10/3,0/0,252/45,20/60,24/2/1,2/0,6/32/28,8408/8408/8408,4884/3370/0/30/35/9,36/13/2,215/13,16,0.097/0.180,"L0,A0,W0,M0,H0",1/0/0,28/107,12/415/90,17,none/2,"Lalert/alert,Aalert/alert,Ndomain/domain","pool:5/2560/5/2750,directed:14/5160/0/12426,nativeLand:12/4352/5/7304,nativeAir:12/2050/12/200,nativeNaval:0/0/0/0,unassigned:0/0/0/0",4/4,5520/14122/13,284/40/20/13/0,0,0,87/5/4,1809,repairing/21/100,"pd9/1/0,aa8/1/0,tmd2,sh2,tml0,arty0",6/2/12,12/48,15/8/18/0,2/53/13/0,1.00/0.98
27843240,2,3001,1869,Raid,Raid/0,Defend/0,idle,0/219/unmet,Balanced,18.8,555.0,26/23,108,Balanced,Army,"A=100,T2=0,T3=0,X=0,N=0",0.32,0,defense-pressure,29/6322,3/4500,Abandoned,yes/116.5/116.46/surface/0/50,11246/624/losing,"L3,A3,N1",1/idle/map-cap,Siege:uel0401/0/0,52/18/4,41/8/2,0/0,252/45,23/60,28/4/1,2/0,6/18/42,10175/10175/10175,3948/6158/0/31/37/10,36/15/0,174/2,2,0.104/0.180,"L0,A0,W0,M0,H0",1/0/0,48/194,0/705/182,22,stall-risk/1,"Lalert/alert,Aalert/alert,Ndomain/domain","pool:1/1500/1/2680,directed:13/3200/0/22640,nativeLand:20/7308/6/10918,nativeAir:17/3750/1/12400,nativeNaval:0/0/0/0,unassigned:0/0/0/0",6/6,4590/15758/25,219/41/0/12/1,0,0,72/3/2,1869,assisting/19/100,"pd16/0/0,aa11/0/0,tmd0,sh0,tml0,arty2",17/0/6,30/51,17/17/18/0,2/55/15/0,1.00/0.08
27843240,4,3010,1869,JointAttack,JointAttack/0,Defend/0,idle,41/204/unmet,ExpandProduction,29.3,591.5,25/24,72,GunshipCounter,Army,"A=100,T2=0,T3=0,X=0,N=0",0.85,0,defense-pressure,12/5500,6/610,Abandoned,yes/219.1/15.26/surface/14/34,13656/1516/losing,"L3,A3,N1",0/idle/defense-alert,Siege:uel0401/0/0,40/18/18,25/11/3,0/0,0/45,19/60,24/6/2,3/1,6/32/28,8702/8702/8702,5128/3421/0/45/51/37,36/16/0,228/13,19,0.108/0.180,"L0,A0,W0,M0,H0",0/0/0,28/108,0/445/98,17,none/2,"Lalert/alert,Aalert/alert,Ndomain/domain","pool:3/2030/2/2800,directed:12/4460/0/13126,nativeLand:16/6272/3/8264,nativeAir:13/3550/13/200,nativeNaval:0/0/0/0,unassigned:0/0/0/0",4/4,6540/16312/14,204/76/41/13/0,0,0,89/5/5,1869,repairing/21/100,"pd9/1/0,aa8/1/0,tmd2,sh3,tml0,arty0",6/2/11,11/47,14/7/22/0,2/55/15/0,1.00/1.00
27843240,2,3051,1929,Raid,Raid/0,none/0,idle,0/0,Balanced,18.8,585.0,26/24,105,Balanced,Army,"A=80,T2=0,T3=0,X=0,N=0",0.38,0,combat-losses,34/8750,3/4500,Ready,no/0.0/0.00/none/0/0,13454/624/losing,"L3,A3,N1",1/idle/map-cap,Siege:uel0401/0/0,51/18/3,40/8/2,1/2,252/45,23/60,30/0/0,2/0,6/18/42,11505/11505/11505,4141/7283/0/32/38/10,36/18/0,174/2,2,0.115/0.180,"L0,A0,W0,M0,H0",0/2/0,48/196,16/743/191,23,none/1,"Lok/ok,Aok/ok,Ndomain/domain","pool:1/1500/1/2680,directed:1/220/0/25620,nativeLand:18/6628/5/12558,nativeAir:16/2250/1/15400,nativeNaval:0/0/0/0,unassigned:2/960/2/0",1/1,4970/11558/18,0/0/0/9/3,0,0,56/3/1,1929,repairing/19/100,"pd16/0/0,aa11/0/0,tmd0,sh1,tml3,arty2",17/0/6,6/50,17/6/13/0,2/53/19/0,1.00/0.78
27843240,4,3059,1929,JointAttack,JointAttack/0,Defend/0,idle,15/250/unmet,Balanced,24.3,481.5,22/24,124,GunshipCounter,Army,"A=100,T2=0,T3=0,X=0,N=0",0.25,0,defense-pressure,11/4460,1/50,Abandoned,yes/213.4/213.41/surface/0/0,26826/11835/losing,"L3,A3,N1",0/idle/defense-alert,Siege:uel0401/0/0,48/18/23,26/16/5,0/0,252/45,19/60,18/0/183,4/1,6/32/28,8763/8763/8763,5138/3464/0/53/52/45,36/12/0,235/13,10,0.093/0.180,"L0,A0,W0,M0,H0",0/0/0,28/111,7/501/98,17,none/2,"Lalert/alert,Aalert/alert,Ndomain/domain","pool:2/530/1/2800,directed:11/3980/0/13606,nativeLand:14/5872/2/10584,nativeAir:15/6550/13/200,nativeNaval:0/0/0/0,unassigned:4/2940/4/0",3/3,9480/19872/11,250/35/15/13/3,0,0,90/3/3,1929,assisting/5/100,"pd7/0/0,aa6/0/0,tmd0,sh3,tml0,arty0",7/2/10,7/49,14/6/24/0,2/53/19/0,0.96/0.66
27843240,2,3101,1989,Raid,Raid/0,Defend/0,idle,0/167/unmet,Balanced,18.8,585.0,25/24,97,GunshipCounter,Army,"A=100,T2=0,T3=0,X=0,N=0",0.35,0,defense-pressure,19/5800,2/3000,Abandoned,yes/62.2/62.16/surface/0/35,9248/624/losing,"L3,A3,N1",1/idle/map-cap,Siege:uel0401/0/0,51/18/1,40/8/2,0/0,252/45,23/60,32/4/1,2/0,6/18/42,12066/12066/12066,4145/7840/0/32/38/5,36/12/1,202/2,24,0.093/0.180,"L0,A0,W0,M0,H0",0/0/1,51/199,10/768/195,23,none/1,"Lalert/alert,Aalert/alert,Ndomain/domain","pool:0/0/0/2680,directed:9/2500/1/25840,nativeLand:18/6628/7/13518,nativeAir:18/5250/2/15400,nativeNaval:0/0/0/0,unassigned:3/2460/3/0",3/3,9280/16838/23,167/41/0/12/1,0,0,65/3/2,1989,assisting/19/100,"pd16/0/0,aa11/0/0,tmd0,sh1,tml4,arty3",17/0/6,16/50,17/12/16/0,2/55/16/0,0.76/1.00
27843240,4,3107,1989,JointAttack,JointAttack/0,Defend/4,yielded,26/153/unmet,Balanced,23.3,731.5,19/24,106,Balanced,Army,"A=100,T2=0,T3=0,X=0,N=0",0.37,0,defense-pressure,19/7260,2/3000,Abandoned,yes/90.2/90.15/surface/0/0,30979/14877/losing,"L3,A3,N1",0/idle/defense-alert,Siege:uel0401/0/0,46/18/10,24/16/5,0/0,252/45,18/60,20/2/1,6/1,6/32/28,8788/8788/8788,5161/3466/0/55/52/42,36/16/0,251/13,31,0.108/0.180,"L4,A0,W0,M0,H0",4/0/0,28/111,0/528/103,17,none/2,"Lalert/alert,Aalert/alert,Ndomain/domain","pool:4/2510/3/2800,directed:0/0/0/17586,nativeLand:20/8752/2/11064,nativeAir:14/5050/13/3200,nativeNaval:0/0/0/0,unassigned:9/2500/9/0",0/0,8640/18812/16,153/31/26/20/1,0,0,81/13/9,1989,repairing/8/100,"pd7/0/0,aa6/0/0,tmd0,sh5,tml0,arty0",5/4/9,9/47,14/0/23/0,2/55/16/0,0.82/1.00
27843240,2,3144,2049,Raid,Raid/3,Defend/2,held,30/399/unmet,Balanced,18.8,833.0,24/24,125,Balanced,Army,"A=100,T2=0,T3=0,X=0,N=0",0.38,0,defense-pressure,9/3520,10/500,Abandoned,yes/327.4/327.38/surface/0/20,4704/278/losing,"L3,A3,N1",1/idle/map-cap,Siege:uel0401/0/0,50/18/1,39/8/2,0/0,252/45,23/60,36/4/1,2/0,6/18/42,12756/12756/12756,4210/8425/0/33/40/5,36/12/2,213/2,10,0.093/0.180,"L5,A0,W0,M0,H0",1/0/0,51/202,12/801/205,23,none/1,"Lalert/alert,Aalert/alert,Ndomain/domain","pool:5/3420/4/2680,directed:8/2280/0/26060,nativeLand:18/6908/9/15638,nativeAir:9/6250/4/15900,nativeNaval:0/0/0/0,unassigned:0/0/0/0",3/3,9900/18858/17,399/60/30/5/0,0,0,56/5/4,2049,idle/19/100,"pd16/0/0,aa11/0/0,tmd0,sh5,tml4,arty3",17/0/6,7/49,7/10/19/0,2/55/22/0,0.80/1.00
27843240,4,3151,2049,JointAttack,JointAttack/0,Defend/0,idle,41/448/unmet,Balanced,23.3,844.4,19/24,140,Balanced,Army,"A=100,T2=0,T3=0,X=28,N=0",0.25,0,defense-pressure,24/10220,3/4500,Abandoned,yes/342.3/342.29/surface/0/0,20709/5358/losing,"L3,A3,N1",0/idle/defense-alert,Siege:uel0401/0/0,46/18/7,21/18/6,0/0,252/45,17/60,21/2/1,7/1,6/32/28,8789/8789/8789,5162/3466/0/60/56/20,36/13/0,264/13,17,0.097/0.180,"L0,A0,W0,M0,H0",0/0/0,30/114,0/537/108,17,none/2,"Lalert/alert,Aalert/alert,Ndomain/domain","pool:3/2030/3/2800,directed:9/2500/0/17586,nativeLand:14/5352/6/17304,nativeAir:14/5050/13/4700,nativeNaval:0/0/0/0,unassigned:2/960/2/0",2/2,9380/15892/11,448/76/41/17/0,0,0,83/5/5,2049,repairing/18/100,"pd7/0/0,aa6/0/0,tmd0,sh5,tml3,arty0",4/4/9,8/47,14/9/16/0,2/55/22/0,0.68/1.00
27843240,2,3187,2109,Raid,Raid/0,Defend/0,idle,0/392/unmet,Balanced,21.1,815.0,25/24,123,Balanced,Army,"A=100,T2=0,T3=0,X=0,N=0",0.36,0,defense-pressure,9/3780,15/750,Abandoned,yes/339.8/339.79/surface/0/20,5154/476/losing,"L3,A3,N1",1/idle/map-cap,Siege:uel0401/0/0,49/18/2,38/8/2,0/0,252/45,22/60,39/4/1,3/0,6/18/42,13263/13263/13263,4420/8720/0/34/40/4,36/13/0,216/2,5,0.097/0.180,"L0,A0,W0,M0,H0",2/0/0,52/206,4/826/206,23,none/1,"Lalert/alert,Aalert/alert,Ndomain/domain","pool:4/2940/4/2680,directed:11/3720/0/26060,nativeLand:18/6908/14/17078,nativeAir:5/7500/4/16150,nativeNaval:0/0/0/0,unassigned:0/0/0/0",4/4,11820/21068/17,392/41/0/3/0,0,0,54/4/2,2109,idle/19/100,"pd16/0/0,aa11/0/0,tmd1,sh6,tml4,arty3",16/0/6,13/48,2/10/22/0,2/54/25/0,0.43/1.00
27843240,4,3196,2109,JointAttack,JointAttack/0,Defend/0,idle,41/414/unmet,Balanced,27.1,981.5,20/24,106,Balanced,Army,"A=100,T2=0,T3=0,X=36,N=0",0.34,1,defense-pressure,15/7200,3/4500,Abandoned,yes/313.2/313.22/surface/0/0,12700/2056/losing,"L3,A3,N1",0/idle/defense-alert,Siege:uel0401/0/1,44/18/7,19/18/6,0/0,0/45,17/60,25/2/1,7/1,6/32/28,8832/8832/8832,5192/3480/0/62/59/16,36/14/0,269/13,12,0.101/0.180,"L0,A0,W0,M0,H0",0/0/0,32/118,1/552/112,17,none/2,"Lalert/alert,Aalert/alert,Ndomain/domain","pool:5/2990/4/2800,directed:15/4860/0/17586,nativeLand:12/4912/9/18744,nativeAir:13/3550/13/7700,nativeNaval:0/0/0/0,unassigned:1/28000/1/0",4/4,38860/44312/12,414/507/41/21/0,0,0,87/6/6,2109,assisting/13/100,"pd7/1/0,aa6/1/0,tmd0,sh7,tml3,arty0",4/3/10,15/50,14/9/20/0,2/54/25/0,0.76/1.00
27843240,2,3231,2169,Raid,Raid/0,Defend/2,yielded,30/115/unmet,Balanced,20.0,793.0,24/24,118,Balanced,Army,"A=100,T2=0,T3=0,X=0,N=0",0.11,0,defense-pressure,10/3500,5/250,Abandoned,yes/55.2/55.19/surface/0/20,4438/198/losing,"L3,A3,N1",1/idle/map-cap,Siege:uel0401/0/0,46/18/4,35/8/2,0/0,252/45,22/60,39/4/1,3/0,6/18/42,13535/13535/13535,4494/8918/0/37/42/9,36/18/0,236/2,23,0.115/0.180,"L2,A0,W0,M0,H0",4/0/3,53/211,7/875/222,23,none/1,"Lalert/alert,Aalert/alert,Ndomain/domain","pool:2/1980/1/2680,directed:9/4060/2/27160,nativeLand:19/7388/19/18038,nativeAir:6/9000/2/16150,nativeNaval:0/0/0/0,unassigned:10/2980/10/0",3/3,11440/25408/20,115/56/30/10/0,0,0,55/12/5,2169,assisting/19/100,"pd16/0/0,aa11/0/0,tmd1,sh8,tml4,arty3",13/3/6,9/45,2/5/28/0,2/56/26/0,0.11/0.72
27843240,4,3240,2169,JointAttack,JointAttack/0,Defend/0,idle,41/401/unmet,Balanced,24.6,981.5,20/24,96,Balanced,Army,"A=100,T2=0,T3=0,X=30,N=0",0.25,1,defense-pressure,6/2880,3/4500,Abandoned,yes/327.0/4.36/surface/75/4,7824/838/losing,"L3,A3,N1",0/idle/defense-alert,Siege:uel0401/0/1,48/18/3,20/20/7,0/0,252/45,17/60,25/2/1,7/1,6/32/28,8870/8870/8870,5199/3511/0/63/61/17,36/17/0,289/13,19,0.111/0.180,"L0,A0,W0,M0,H0",2/0/0,32/123,1/561/117,17,none/2,"Lalert/alert,Aalert/alert,Ndomain/domain","pool:7/31470/6/2800,directed:15/4860/0/17586,nativeLand:17/7312/16/19704,nativeAir:13/3550/13/9200,nativeNaval:0/0/0/0,unassigned:0/0/0/0",4/4,41260/47192/12,401/492/41/24/1,0,0,90/7/5,2169,repairing/31/100,"pd7/1/0,aa6/1/0,tmd1,sh8,tml3,arty0",4/3/10,18/49,14/9/24/0,2/56/26/0,0.67/0.97
27843240,2,3295,2229,Raid,Raid/0,Defend/0,idle,15/346/unmet,Balanced,20.3,863.3,24/24,114,Balanced,Army,"A=100,T2=0,T3=0,X=0,N=0",0.33,0,defense-pressure,13/4680,3/4500,Abandoned,yes/157.1/157.14/surface/0/20,9908/1680/losing,"L3,A3,N1",1/idle/map-cap,Siege:uel0401/0/0,45/18/4,34/8/2,0/0,252/45,22/60,39/4/1,3/0,6/18/42,13947/13947/13947,4695/9129/0/38/42/7,36/17/0,241/2,10,0.111/0.180,"L0,A0,W0,M0,H0",1/0/0,56/222,3/895/229,23,none/1,"Lalert/alert,Aalert/alert,Ndomain/domain","pool:4/2940/4/2680,directed:14/4900/0/29780,nativeLand:22/8828/19/18038,nativeAir:5/7500/4/20650,nativeNaval:0/0/0/0,unassigned:0/0/0/0",4/4,14440/24168/17,346/56/15/11/0,0,0,61/4/3,2229,idle/19/100,"pd16/0/0,aa11/0/0,tmd1,sh8,tml4,arty3",13/3/6,10/44,2/11/28/0,2/56/27/0,0.16/0.99
27843240,4,3305,2229,JointAttack,JointAttack/0,Defend/0,idle,41/300/unmet,Balanced,24.6,1231.5,20/24,74,Balanced,Army,"A=100,T2=0,T3=0,X=31,N=0",0.35,1,defense-pressure,4/1920,2/3000,Abandoned,yes/259.7/259.66/surface/0/0,5857/0/losing,"L3,A3,N1",0/idle/defense-alert,Siege:uel0401/0/1,41/18/8,15/18/7,0/0,0/45,17/60,25/2/1,8/1,6/32/28,8873/8873/8873,5202/3511/0/70/62/16,36/17/0,296/14,17,0.111/0.180,"L0,A0,W0,M0,H0",1/0/0,33/136,7/583/126,17,none/2,"Lalert/alert,Aalert/alert,Ndomain/domain","pool:2/28050/2/2800,directed:18/6300/0/17586,nativeLand:20/8752/18/20184,nativeAir:14/5050/2/10700,nativeNaval:0/0/0/0,unassigned:5/3420/4/0",5/5,45240/51572/12,300/492/41/25/0,0,0,97/6/5,2229,repairing/31/100,"pd7/1/0,aa6/1/0,tmd1,sh8,tml3,arty0",4/3/10,15/50,14/9/31/0,2/56/27/0,0.59/1.00
27843240,2,3340,2289,Raid,Raid/0,Defend/0,idle,0/240/unmet,Balanced,20.3,1049.6,24/24,94,Balanced,Army,"A=100,T2=0,T3=0,X=0,N=0",0.27,0,defense-pressure,6/2620,4/6000,Abandoned,yes/126.4/126.43/surface/0/20,9356/1680/losing,"L3,A3,N1",1/idle/map-cap,Siege:uel0401/0/0,47/18/7,30/12/4,0/0,252/45,22/60,40/4/1,3/0,6/18/42,14327/14327/14327,4809/9396/0/44/46/16,36/17/0,258/2,30,0.111/0.180,"L0,A0,W0,M0,H0",2/0/0,58/224,1/911/239,23,none/1,"Lalert/alert,Aalert/alert,Ndomain/domain","pool:0/0/0/2680,directed:20/7780/0/29780,nativeLand:21/8348/21/18038,nativeAir:5/7500/4/22150,nativeNaval:0/0/0/0,unassigned:4/2940/4/0",6/6,12780/26568/20,240/41/0/14/0,0,0,66/4/2,2289,assisting/19/100,"pd16/0/0,aa11/0/0,tmd2,sh8,tml5,arty3",13/3/6,9/46,2/11/33/0,2/57/28/0,0.19/0.98
27843240,4,3351,2289,JointAttack,JointAttack/0,Defend/0,idle,41/344/unmet,Balanced,24.7,1469.5,20/24,133,Balanced,Army,"A=100,T2=0,T3=0,X=32,N=0",0.40,1,defense-pressure,13/4420,12/2050,Abandoned,yes/194.2/194.22/surface/0/0,7723/0/losing,"L3,A3,N1",0/idle/defense-alert,Siege:uel0401/0/1,46/18/11,16/21/8,0/0,252/45,17/60,30/2/1,8/1,6/32/28,8879/8879/8879,5207/3512/0/74/65/18,36/19/0,319/14,19,0.119/0.180,"L0,A0,W0,M0,H0",3/0/0,36/139,0/613/138,17,none/2,"Lalert/alert,Aalert/alert,Ndomain/domain","pool:2/28050/2/2800,directed:15/6160/0/21526,nativeLand:26/10072/18/20184,nativeAir:4/6000/3/11250,nativeNaval:0/0/0/0,unassigned:4/2940/4/0",5/5,46510/53222/12,344/492/41/26/0,0,0,89/9/6,2289,assisting/17/100,"pd7/1/0,aa6/1/0,tmd5,sh9,tml3,arty0",4/3/10,3/48,3/10/33/0,2/57/28/0,0.27/1.00
27843240,2,3395,2349,Raid,Raid/0,Defend/0,idle,0/635/unmet,Balanced,20.4,1102.0,24/24,208,Balanced,Army,"A=100,T2=0,T3=0,X=0,N=0",0.31,0,defense-pressure,10/4280,2/3000,Abandoned,yes/333.8/6.68/surface/50/22,8172/0/losing,"L3,A3,N1",1/idle/map-cap,Siege:uel0401/0/0,45/18/8,28/12/4,0/0,252/45,22/60,39/5/1,4/0,6/18/42,14857/14857/14857,4972/9762/0/46/47/14,36/14/0,270/2,16,0.101/0.180,"L0,A0,W0,M0,H0",0/0/2,58/229,4/922/242,23,none/1,"Lalert/alert,Aalert/alert,Ndomain/domain","pool:2/960/2/2680,directed:10/3500/0/34060,nativeLand:26/10748/25/18038,nativeAir:5/7500/3/23650,nativeNaval:0/0/0/0,unassigned:3/2460/3/0",4/4,12180/25168/21,635/41/0/9/0,0,0,63/4/2,2349,assisting/19/100,"pd16/0/1,aa11/0/0,tmd2,sh8,tml5,arty3",13/3/6,8/44,2/9/32/0,2/57/30/0,0.23/0.67
27843240,4,3408,2349,JointAttack,JointAttack/0,Defend/0,idle,41/212/unmet,Balanced,31.7,1445.5,20/24,122,GunshipCounter,Army,"A=100,T2=0,T3=0,X=43,N=29",0.17,1,defense-pressure,14/4640,12/2050,Abandoned,yes/113.7/113.70/surface/0/0,7522/0/losing,"L3,A3,N1",0/idle/defense-alert,Siege:uel0401/0/1,47/18/4,16/21/9,0/0,252/45,17/60,36/2/1,8/1,6/32/28,8881/8881/8881,5209/3512/0/74/65/15,36/18/0,328/14,14,0.115/0.180,"L0,A0,W0,M0,H0",2/0/0,39/149,1/624/145,17,none/2,"Lalert/alert,Aalert/alert,Ndomain/domain","pool:6/30990/5/2800,directed:22/8220/0/22226,nativeLand:22/9712/18/20184,nativeAir:4/6000/3/12750,nativeNaval:0/0/0/0,unassigned:1/480/1/0",8/8,42690/55402/19,212/492/41/28/0,0,0,93/7/5,2349,assisting/41/100,"pd7/1/0,aa6/1/1,tmd5,sh9,tml3,arty0",3/4/10,7/49,3/9/38/0,2/57/30/0,0.00/1.00
27843240,2,3453,2409,Raid,Raid/0,Defend/0,idle,43/236/unmet,Balanced,20.6,1178.2,23/24,185,Balanced,Army,"A=100,T2=0,T3=0,X=0,N=0",0.42,0,defense-pressure,17/6860,3/4500,Abandoned,yes/73.0/72.96/surface/0/13,12182/351/losing,"L3,A3,N1",1/idle/map-cap,Siege:uel0401/0/0,45/18/4,28/12/4,0/0,252/45,22/60,39/2/25,4/0,6/18/42,15257/15257/15257,5145/9988/0/48/50/18,36/15/0,271/2,7,0.104/0.180,"L0,A0,W0,M0,H0",0/0/2,60/231,5/936/250,23,none/1,"Lalert/alert,Aalert/alert,Ndomain/domain","pool:1/480/0/2680,directed:9/3800/1/36640,nativeLand:26/10748/25/18038,nativeAir:4/6000/4/26650,nativeNaval:0/0/0/0,unassigned:5/2370/4/0",3/3,15510/23398/16,236/99/43/6/0,0,0,60/7/5,2409,assisting/19/100,"pd16/0/2,aa11/0/0,tmd2,sh8,tml5,arty3",13/3/6,12/45,2/6/33/0,2/57/33/0,0.22/0.84
27843240,4,3467,2409,JointAttack,JointAttack/0,Defend/0,idle,41/144/unmet,Recover,26.8,1424.0,21/24,118,Balanced,Army,"A=100,T2=0,T3=0,X=0,N=0",0.00,1,defense-pressure,7/3100,2/3000,Abandoned,yes/67.0/66.98/surface/0/0,6602/200/losing,"L3,A3,N1",0/idle/defense-alert,Siege:uel0401/0/1,45/18/2,15/20/9,0/0,252/45,17/60,36/2/1,8/1,6/32/28,9060/9060/9060,5372/3528/0/76/66/10,36/17/0,329/14,7,0.111/0.180,"L0,A0,W0,M0,H0",2/0/0,41/151,0/643/164,17,stall-risk/2,"Lalert/alert,Aalert/alert,Ndomain/domain","pool:7/31470/6/2800,directed:23/8700/0/24626,nativeLand:22/9712/18/20184,nativeAir:4/6000/4/14250,nativeNaval:0/0/0/0,unassigned:0/0/0/0",9/9,43170/55882/17,144/492/41/29/0,0,0,94/7/5,2409,idle/32/100,"pd7/1/0,aa6/1/1,tmd5,sh10,tml3,arty0",3/4/10,16/48,3/9/39/0,2/57/33/0,0.00/1.00
27843240,2,3503,2469,Raid,Raid/0,none/0,idle,0/0,Balanced,20.7,1261.3,25/24,185,Balanced,Army,"A=80,T2=0,T3=0,X=0,N=0",0.24,0,combat-losses,9/3280,3/3450,Expired,no/0.0/0.00/none/0/0,7554/611/losing,"L3,A3,N1",1/idle/map-cap,Siege:uel0401/0/0,43/18/5,29/9/4,1/2,0/45,22/60,39/0/0,4/0,6/18/42,15645/15645/15645,5330/10191/0/52/51/13,36/14/2,291/2,22,0.101/0.180,"L0,A0,W0,M0,H0",0/2/0,61/232,2/949/259,24,none/1,"Lok/ok,Aok/ok,Ndomain/domain","pool:1/1500/1/3130,directed:10/4540/0/37340,nativeLand:40/15648/28/18038,nativeAir:4/6000/3/26650,nativeNaval:0/0/0/0,unassigned:4/1920/4/0",4/4,14580/29608/22,0/0/0/5/0,0,0,74/5/3,2469,repairing/19/100,"pd16/0/2,aa11/0/0,tmd2,sh8,tml5,arty3",13/3/6,17/44,2/12/40/0,2/58/37/0,0.13/1.00
27843240,4,3512,2469,JointAttack,JointAttack/0,Defend/0,idle,41/143/unmet,Recover,28.3,1418.0,21/24,56,Balanced,Army,"A=100,T2=0,T3=0,X=0,N=0",0.00,1,defense-pressure,18/7340,2/3000,Abandoned,yes/121.2/121.18/surface/0/0,11938/400/losing,"L3,A3,N1",0/idle/defense-alert,Siege:uel0401/0/1,41/18/11,17/13/10,0/0,0/45,17/60,36/2/1,8/1,6/32/28,9151/9151/9151,5453/3538/0/85/73/19,36/19/0,346/14,18,0.119/0.180,"L0,A0,W0,M0,H0",3/0/0,41/151,0/691/193,17,stall-risk/2,"Lalert/alert,Aalert/alert,Ndomain/domain","pool:3/28530/2/2800,directed:10/3760/0/29566,nativeLand:26/11632/24/20184,nativeAir:4/6000/4/15750,nativeNaval:0/0/0/0,unassigned:5/3420/4/0",4/4,46110/53342/13,143/492/41/25/0,0,0,86/8/5,2469,repairing/51/100,"pd7/1/0,aa6/1/1,tmd6,sh11,tml3,arty0",3/3/11,23/44,3/4/36/0,2/58/37/0,0.00/1.00
27843240,2,3576,2529,Raid,Raid/8,Defend/0,held,0/376/unmet,Balanced,20.7,1288.5,24/24,187,AirDefense,Army,"A=100,T2=0,T3=0,X=0,N=0",0.17,0,defense-pressure,3/920,3/3450,Abandoned,yes/286.7/286.71/surface/0/20,5486/260/losing,"L3,A3,N1",1/idle/map-cap,Siege:uel0401/0/0,45/18/7,30/10/4,0/0,252/45,22/60,40/5/1,4/0,6/18/42,16027/16027/16027,5388/10515/0/55/53/15,36/17/0,294/2,9,0.111/0.180,"L8,A0,W0,M0,H0",0/0/4,64/241,6/990/278,24,none/1,"Lalert/alert,Aalert/alert,Ndomain/domain","pool:4/2940/3/3130,directed:21/8260/0/37560,nativeLand:35/15068/30/18038,nativeAir:3/4500/3/29650,nativeNaval:0/0/0/0,unassigned:2/960/2/0",6/6,15540/31728/24,376/41/0/7/0,0,0,80/6/2,2529,assisting/19/100,"pd16/0/2,aa11/0/0,tmd2,sh8,tml5,arty3",13/3/6,20/45,2/11/47/0,2/59/40/0,0.00/1.00
27843240,4,3584,2529,JointAttack,JointAttack/0,Defend/2,yielded,56/172/unmet,Recover,28.6,1670.0,20/24,57,GunshipCounter,Army,"A=100,T2=0,T3=0,X=0,N=0",0.00,1,defense-pressure,23/8700,1/1500,Abandoned,yes/169.9/6.80/surface/25/1,11864/800/losing,"L3,A3,N1",0/idle/defense-alert,Siege:uel0401/0/1,47/18/11,20/15/11,0/0,252/45,17/60,36/2/1,8/1,6/32/28,9301/9301/9301,5560/3581/0/87/73/21,36/21/0,347/16,11,0.126/0.180,"L2,A0,W0,M0,H0",4/0/0,43/160,6/756/234,17,none/2,"Lalert/alert,Aalert/alert,Ndomain/domain","pool:5/31310/3/2800,directed:6/2880/0/33326,nativeLand:32/13212/24/20184,nativeAir:5/7500/5/15750,nativeNaval:0/0/0/0,unassigned:7/3240/6/0",2/2,48970/58142/18,172/95/56/30/0,0,0,90/11/7,2529,assisting/47/100,"pd7/1/0,aa6/1/1,tmd6,sh11,tml3,arty0",3/3/11,15/49,3/6/37/0,2/59/40/0,0.00/1.00
27843240,2,3632,2589,Raid,Raid/0,Defend/0,idle,0/330/unmet,Recover,21.1,1528.5,24/24,156,AirDefense,Army,"A=100,T2=0,T3=0,X=0,N=0",0.00,0,defense-pressure,7/3100,2/3000,Abandoned,yes/49.4/49.44/surface/0/13,6818/0/losing,"L3,A3,N1",1/idle/map-cap,Siege:uel0401/0/0,47/18/6,29/11/6,0/0,252/45,22/60,41/2/25,5/0,6/18/42,16255/16255/16255,5425/10704/0/57/53/12,36/15/0,310/2,31,0.104/0.180,"L0,A0,W0,M0,H0",7/0/0,66/243,0/1050/317,24,stall-risk/1,"Lalert/alert,Aalert/alert,Ndomain/domain","pool:11/3430/9/3130,directed:21/8260/0/40440,nativeLand:34/14588/30/18038,nativeAir:4/6000/4/29650,nativeNaval:0/0/0/0,unassigned:1/600/1/0",6/6,11820/32878/27,330/28/0/13/0,0,0,81/11/4,2589,idle/19/100,"pd16/0/2,aa11/0/0,tmd2,sh8,tml5,arty3",12/4/6,14/47,2/12/47/0,2/59/44/0,0.00/1.00
27843240,4,3644,2589,JointAttack,JointAttack/0,none/0,idle,0/0,Balanced,28.6,1935.6,21/24,54,Balanced,Army,"A=80,T2=0,T3=0,X=52,N=0",0.20,1,combat-losses,10/3760,1/1500,Ready,no/0.0/0.00/none/0/0,5758/5200/stable,"L3,A3,N1",0/idle/low-mass-storage,Siege:uel0401/0/1,46/18/3,20/14/11,0/0,252/45,17/60,35/0/0,8/1,6/32/28,9595/9595/9595,5831/3603/0/88/73/19,36/22/0,362/17,24,0.129/0.180,"L0,A0,W0,M0,H0",0/0/0,48/165,3/791/247,17,none/2,"Lstall/stall,Astall/stall,Ndomain/domain","pool:8/31920/5/2800,directed:21/9460/0/33326,nativeLand:26/11632/22/20184,nativeAir:5/7500/5/17250,nativeNaval:0/0/0/0,unassigned:0/0/0/0",7/7,48270/60512/17,0/0/0/30/0,0,0,98/9/9,2589,idle/37/100,"pd7/1/0,aa6/1/1,tmd6,sh11,tml3,arty0",3/3/11,16/49,3/9/43/0,2/59/44/0,0.00/1.00
27843240,2,3719,2649,Raid,Raid/0,Defend/0,idle,28/475/unmet,Balanced,21.2,1518.5,25/24,164,AirDefense,Army,"A=100,T2=0,T3=0,X=0,N=0",0.15,0,defense-pressure,9/4320,0/0,Abandoned,yes/184.8/184.80/surface/0/13,5042/0/losing,"L3,A3,N1",1/idle/map-cap,Siege:uel0401/0/0,46/18/4,28/10/7,0/0,252/45,22/60,42/2/25,5/0,6/18/42,16458/16458/16458,5440/10892/0/59/54/10,36/17/0,320/2,16,0.111/0.180,"L0,A0,W0,M0,H0",1/0/3,70/252,5/1078/320,25,none/1,"Lalert/alert,Aalert/alert,Ndomain/domain","pool:7/4350/6/3130,directed:31/11360/0/41880,nativeLand:34/14588/32/18038,nativeAir:4/6000/4/29650,nativeNaval:0/0/0/0,unassigned:0/0/0/0",9/9,16170/36298/26,475/69/28/17/0,0,0,91/7/3,2649,idle/19/100,"pd16/0/3,aa11/0/0,tmd2,sh8,tml5,arty3",12/4/6,13/45,2/18/51/0,2/60/52/0,0.00/1.00
27843240,4,3733,2649,JointAttack,JointAttack/0,none/0,idle,0/0,Recover,28.5,1953.3,21/24,56,Balanced,Army,"A=80,T2=0,T3=0,X=0,N=0",0.00,1,combat-losses,3/1440,1/1500,Ready,no/0.0/0.00/none/0/0,3548/4600/stable,"L3,A3,N1",0/idle/low-mass-storage,Siege:uel0401/0/1,46/18/2,20/13/12,0/0,252/45,16/60,35/0/0,9/1,6/32/28,9965/9965/9965,6165/3603/0/89/74/5,36/22/0,367/18,15,0.129/0.180,"L0,A0,W0,M0,H0",0/0/0,51/176,1/820/247,17,none/2,"Lok/ok,Aok/ok,Ndomain/domain","pool:9/32400/7/2800,directed:27/12340/0/34766,nativeLand:26/11632/24/20184,nativeAir:6/9000/5/17250,nativeNaval:0/0/0/0,unassigned:0/0/0/0",9/9,48890/65372/18,0/0/0/28/0,0,0,105/9/9,2649,idle/37/100,"pd7/1/0,aa6/1/1,tmd6,sh11,tml3,arty0",2/3/11,15/48,3/9/50/0,2/60/52/0,0.00/1.00
27843240,2,3793,2709,Raid,Raid/0,Defend/0,idle,28/763/unmet,Recover,22.2,1512.5,24/24,105,GunshipCounter,Army,"A=100,T2=0,T3=0,X=0,N=0",0.00,0,defense-pressure,14/5940,0/0,Abandoned,yes/430.4/430.36/surface/0/13,6804/0/losing,"L3,A3,N1",1/idle/map-cap,Siege:uel0401/0/0,45/18/4,27/10/7,0/0,0/45,21/60,43/3/13,6/0,6/18/42,16855/16855/16855,5440/11289/0/61/55/8,36/20/0,323/2,11,0.122/0.180,"L0,A0,W0,M0,H0",3/0/3,71/261,0/1099/338,25,stall-risk/1,"Lalert/alert,Aalert/alert,Ndomain/domain","pool:4/3230/3/3130,directed:24/8780/0/46380,nativeLand:34/14588/34/18038,nativeAir:5/7500/4/29650,nativeNaval:0/0/0/0,unassigned:3/1880/2/0",7/7,17570/35978/23,763/54/28/18/0,0,0,85/7/2,2709,assisting/19/100,"pd16/0/4,aa11/0/0,tmd2,sh8,tml5,arty3",11/3/7,25/47,2/15/49/0,2/60/59/0,0.00/1.00
27843240,4,3810,2709,JointAttack,JointAttack/0,Defend/0,idle,34/155/unmet,Balanced,28.6,1970.9,21/24,59,GunshipCounter,Army,"A=100,T2=0,T3=0,X=36,N=0",0.18,1,defense-pressure,5/2400,3/3450,Abandoned,yes/98.4/98.43/surface/0/0,6642/0/losing,"L3,A3,N1",0/idle/defense-alert,Siege:uel0401/0/1,45/18/3,19/12/13,0/0,252/45,16/60,35/2/1,9/1,6/32/28,10195/10195/10195,6246/3603/0/91/75/6,36/19/0,378/19,18,0.119/0.180,"L0,A0,W0,M0,H0",5/0/0,53/188,4/851/247,17,none/2,"Lalert/alert,Aalert/alert,Ndomain/domain","pool:10/34190/7/3250,directed:31/14260/0/35726,nativeLand:26/11632/24/20184,nativeAir:4/6000/4/20250,nativeNaval:0/0/0/0,unassigned:0/0/0/0",11/11,46430/66082/19,155/477/34/34/0,0,0,107/10/5,2709,idle/37/100,"pd7/1/0,aa6/1/1,tmd6,sh11,tml3,arty0",2/3/11,10/48,3/9/52/0,2/60/59/0,0.00/1.00
27843240,2,3855,2769,Raid,Raid/0,Defend/5,yielded,15/105/unmet,Recover,23.8,1916.6,23/24,107,GunshipCounter,Army,"A=100,T2=0,T3=0,X=0,N=0",0.00,0,defense-pressure,18/6820,0/0,Abandoned,yes/101.4/101.40/surface/0/47,7250/0/losing,"L3,A3,N1",1/idle/map-cap,Siege:uel0401/0/0,46/18/4,26/12/7,0/0,252/45,21/60,46/8/1,6/0,6/18/42,17280/17280/17280,5607/11538/0/63/56/9,36/18/0,343/2,30,0.115/0.180,"L5,A0,W0,M0,H0",3/0/4,74/264,8/1135/347,25,none/1,"Lalert/alert,Aalert/alert,Ndomain/domain","pool:16/6880/13/3130,directed:27/12180/0/48700,nativeLand:34/14588/34/18038,nativeAir:6/9000/4/29650,nativeNaval:0/0/0/0,unassigned:0/0/0/0",8/8,23930/42648/26,105/15/15/23/0,0,0,89/16/9,2769,idle/19/100,"pd17/0/4,aa11/0/0,tmd2,sh8,tml5,arty3",11/3/7,19/46,2/11/57/0,2/61/62/0,0.02/0.88
27843240,4,3872,2769,JointAttack,JointAttack/0,none/0,idle,0/0,Balanced,27.5,2002.1,19/24,60,Balanced,Army,"A=80,T2=0,T3=0,X=76,N=0",0.19,1,combat-losses,6/2100,4/4950,Ready,no/0.0/0.00/none/0/0,13046/0/losing,"L3,A3,N1",0/idle/stall-risk,Siege:uel0401/0/1,45/18/4,18/13/13,0/0,252/45,15/60,35/0/0,10/1,6/32/28,10256/10256/10256,6303/3604/0/93/75/7,36/20/0,378/21,14,0.122/0.160,"L0,A0,W0,M0,H0",1/0/0,56/191,0/867/247,17,stall-risk/2,"Lstall/stall,Astall/stall,Ndomain/domain","pool:7/30420/3/3250,directed:36/18720/0/36866,nativeLand:32/13532/26/20184,nativeAir:4/6000/4/21750,nativeNaval:0/0/0/0,unassigned:3/2460/3/0",12/12,47710/71132/18,0/0/0/40/0,0,0,119/10/9,2769,repairing/53/100,"pd7/1/0,aa6/1/1,tmd6,sh12,tml3,arty0",2/3/10,13/46,3/11/62/0,2/61/62/0,0.00/1.00
27843240,2,3935,2829,Raid,Raid/0,Defend/0,idle,0/135/unmet,Recover,23.8,1779.8,23/24,153,Balanced,Army,"A=100,T2=0,T3=0,X=0,N=0",0.00,0,defense-pressure,14/4380,2/900,Abandoned,yes/120.3/120.27/surface/0/27,5976/0/losing,"L3,A3,N1",1/idle/map-cap,Siege:uel0401/0/0,44/18/4,24/12/7,0/0,0/45,21/60,47/8/1,7/0,6/18/42,17381/17381/17381,5621/11625/0/65/56/8,36/17/0,348/2,13,0.111/0.180,"L0,A0,W0,M0,H0",4/0/3,78/273,0/1149/347,25,none/1,"Lalert/alert,Aalert/alert,Ndomain/domain","pool:8/4860/6/4030,directed:35/15040/2/50760,nativeLand:34/14588/34/18038,nativeAir:7/10500/6/29650,nativeNaval:0/0/0/0,unassigned:0/0/0/0",10/10,27060/44988/21,135/26/0/21/0,0,0,98/8/1,2829,idle/19/100,"pd19/0/4,aa11/0/0,tmd2,sh8,tml5,arty3",11/3/7,20/47,2/16/60/0,2/61/65/1,0.00/1.00
27843240,4,3952,2829,JointAttack,JointAttack/0,Defend/0,idle,41/285/unmet,Balanced,29.9,2345.6,20/24,118,Balanced,Army,"A=100,T2=0,T3=0,X=37,N=0",0.03,1,defense-pressure,16/6380,2/1950,Abandoned,yes/236.9/236.94/surface/0/0,14288/0/losing,"L3,A3,N1",0/idle/defense-alert,Siege:uel0401/0/1,44/18/3,17/13/13,0/0,0/45,15/60,35/2/1,11/1,6/32/28,10367/10367/10367,6411/3605/0/94/75/6,36/17/0,394/21,16,0.111/0.180,"L0,A0,W0,M0,H0",3/0/0,59/198,3/889/261,17,none/2,"Lalert/alert,Aalert/alert,Ndomain/domain","pool:9/33450/8/3700,directed:40/20180/0/40666,nativeLand:25/11152/22/22104,nativeAir:6/9000/4/21750,nativeNaval:0/0/0/0,unassigned:0/0/0/0",12/13,47770/73782/17,285/518/41/42/0,0,0,120/9/6,2829,repairing/35/100,"pd7/1/0,aa6/1/1,tmd6,sh12,tml3,arty0",2/1/12,13/47,3/9/62/0,2/61/65/1,0.03/1.00
27843240,2,4050,2889,Raid,Raid/0,Defend/3,yielded,45/1260/unmet,Balanced,23.9,1811.0,23/24,178,Balanced,Army,"A=100,T2=0,T3=0,X=34,N=0",0.16,0,defense-pressure,14/4900,3/2400,Abandoned,yes/632.0/631.99/surface/0/13,8088/920/losing,"L3,A3,N1",1/idle/map-cap,Siege:uel0401/0/0,49/18/3,26/12/10,0/0,252/45,21/60,50/5/9,7/0,6/18/42,17696/17696/17696,5644/11912/0/66/58/8,36/17/1,371/2,27,0.111/0.160,"L3,A0,W0,M0,H0",0/0/0,81/293,2/1198/347,25,none/1,"Lalert/alert,Aalert/alert,Ndomain/domain","pool:6/3900/5/4030,directed:36/16040/0/53600,nativeLand:34/14588/18/18038,nativeAir:7/10500/5/31150,nativeNaval:0/0/0/0,unassigned:1/480/1/0",11/11,17658/45508/22,1260/101/45/23/0,0,0,98/6/6,2889,idle/19/100,"pd20/0/5,aa11/0/0,tmd2,sh8,tml6,arty4",11/3/7,14/49,2/14/62/0,2/59/63/1,0.00/1.00
27843240,4,4065,2889,JointAttack,JointAttack/0,Defend/0,idle,41/747/unmet,Balanced,29.7,2564.6,20/24,147,GunshipCounter,Army,"A=100,T2=0,T3=0,X=46,N=0",0.14,1,defense-pressure,30/14820,3/3450,Abandoned,yes/110.8/110.82/surface/0/0,18874/3820/losing,"L3,A3,N1",0/idle/defense-alert,Siege:uel0401/0/1,46/18/1,17/15/13,0/0,252/45,14/60,40/2/1,12/2,6/32/28,10521/10521/10521,6421/3665/0/94/78/6,36/16/0,409/21,18,0.108/0.180,"L0,A0,W0,M0,H0",7/0/0,62/221,5/924/268,17,none/3,"Lalert/alert,Aalert/alert,Ndomain/domain","pool:14/35070/9/3700,directed:32/15400/0/49766,nativeLand:24/10672/24/22104,nativeAir:7/10500/4/24750,nativeNaval:0/0/0/0,unassigned:0/0/0/0",10/10,48030/71642/19,747/503/41/48/0,0,0,110/14/7,2889,idle/35/100,"pd7/1/0,aa6/1/1,tmd6,sh12,tml3,arty0",1/1/12,8/47,3/6/59/0,2/59/63/1,0.03/1.00
27843240,2,4121,2949,Raid,Raid/13,Defend/0,held,26/154/unmet,Balanced,23.9,1826.6,23/24,167,Balanced,Army,"A=100,T2=0,T3=0,X=34,N=0",0.16,0,defense-pressure,14/6320,4/6000,Abandoned,yes/136.6/136.58/surface/0/40,12856/920/losing,"L3,A3,N1",1/idle/map-cap,Siege:uel0401/0/0,49/18/1,26/12/10,0/0,252/45,21/60,51/10/1,7/0,6/18/42,18098/18098/18098,5660/12298/0/66/59/6,36/17/0,379/2,12,0.111/0.180,"L13,A0,W0,M0,H0",0/0/6,83/300,4/1216/347,25,none/1,"Lalert/alert,Aalert/alert,Ndomain/domain","pool:8/5180/6/4030,directed:39/17360/0/55160,nativeLand:32/13628/18/19958,nativeAir:6/9000/5/35650,nativeNaval:0/0/0/0,unassigned:0/0/0/0",12/12,17160/45168/24,154/67/26/20/0,0,0,100/9/3,2949,idle/19/100,"pd20/0/6,aa11/0/0,tmd2,sh8,tml6,arty5",11/3/7,15/49,2/14/64/0,2/60/67/1,0.00/1.00
27843240,4,4138,2949,JointAttack,JointAttack/0,Defend/2,yielded,30/463/unmet,Balanced,29.6,2609.5,20/24,142,Balanced,Army,"A=100,T2=0,T3=0,X=54,N=39",0.18,1,defense-pressure,18/9580,6/9000,Abandoned,yes/92.0/3.68/surface/25/1,21560/3820/losing,"L3,A3,N1",0/idle/defense-alert,Siege:uel0401/0/1,45/18/3,17/15/12,0/0,252/45,14/60,40/2/1,12/2,6/32/28,10635/10635/10635,6495/3705/0/97/78/7,36/18/0,421/21,15,0.115/0.180,"L2,A0,W0,M0,H0",3/0/0,66/233,4/976/268,17,none/3,"Lalert/alert,Aalert/alert,Ndomain/domain","pool:9/34090/5/3700,directed:47/22140/0/49766,nativeLand:24/10672/24/22104,nativeAir:5/7500/4/30750,nativeNaval:0/0/0/0,unassigned:0/0/0/0",12/14,48510/74402/16,463/480/30/55/0,0,0,120/9/6,2949,idle/35/100,"pd7/1/1,aa6/1/1,tmd7,sh12,tml3,arty0",1/1/12,14/46,3/9/68/0,2/60/67/1,0.00/1.00
27843240,2,4232,3009,Raid,Raid/0,Defend/0,idle,0/1013/unmet,Balanced,24.0,1828.6,25/24,158,GunshipCounter,Army,"A=100,T2=0,T3=0,X=34,N=0",0.16,0,defense-pressure,22/9120,3/4500,Abandoned,yes/96.2/96.24/surface/0/20,14012/160/losing,"L3,A3,N1",1/idle/map-cap,Siege:uel0401/0/0,50/18/0,26/12/11,0/0,252/45,21/60,51/10/1,7/0,6/18/42,18364/18364/18364,5700/12524/0/66/61/6,36/16/1,399/2,26,0.108/0.180,"L0,A0,W0,M0,H0",6/0/7,84/313,4/1240/350,28,none/1,"Lalert/alert,Aalert/alert,Ndomain/domain","pool:14/5780/13/4030,directed:33/16040/0/57920,nativeLand:31/13588/26/22838,nativeAir:7/10500/5/35650,nativeNaval:0/0/0/0,unassigned:0/0/0/0",11/11,15260/45908/29,1013/33/0/21/0,0,0,92/14/2,3009,idle/19/100,"pd20/0/6,aa11/0/0,tmd2,sh9,tml6,arty5",11/3/7,18/49,2/8/62/0,2/59/73/1,0.00/1.00
27843240,4,4250,3009,JointAttack,JointAttack/0,Defend/0,idle,41/855/unmet,Balanced,30.6,2625.1,20/24,170,Balanced,Army,"A=100,T2=0,T3=0,X=49,N=44",0.26,1,defense-pressure,10/4540,7/10500,Abandoned,yes/150.8/150.77/surface/0/0,17984/400/losing,"L3,A3,N1",0/idle/defense-alert,Siege:uel0401/0/1,45/18/4,16/16/12,0/0,252/45,13/60,38/0/221,12/2,6/32/28,10763/10763/10763,6496/3818/0/98/78/7,36/21/0,434/22,12,0.126/0.180,"L0,A0,W0,M0,H0",2/0/0,70/252,0/999/268,17,stall-risk/3,"Lalert/alert,Aalert/alert,Ndomain/domain","pool:9/33570/7/3700,directed:50/24600/0/53826,nativeLand:23/10192/23/22584,nativeAir:4/6000/4/35250,nativeNaval:0/0/0/0,unassigned:0/0/0/0",12/15,49550/74362/15,855/525/41/52/0,0,0,123/9/7,3009,idle/35/100,"pd5/1/1,aa6/1/1,tmd7,sh12,tml3,arty0",1/0/12,23/46,3/8/69/0,2/59/73/1,0.00/1.00
27843240,2,4296,3069,Raid,Raid/0,Defend/0,idle,0/740/unmet,Recover,24.0,1828.6,25/24,99,Balanced,Army,"A=100,T2=0,T3=0,X=0,N=0",0.00,0,defense-pressure,31/12900,1/1500,Abandoned,yes/540.7/540.67/surface/0/13,14912/160/losing,"L3,A3,N1",1/idle/map-cap,Siege:uel0401/0/0,49/18/1,25/12/11,0/0,252/45,21/60,51/5/9,7/0,6/18/42,18515/18515/18515,5700/12673/0/67/62/5,36/16/0,410/2,10,0.108/0.180,"L0,A0,W0,M0,H0",0/0/5,89/318,5/1263/350,28,none/1,"Lalert/alert,Aalert/alert,Ndomain/domain","pool:8/6100/6/4030,directed:37/16720/1/64220,nativeLand:26/10748/26/23798,nativeAir:7/10500/6/37150,nativeNaval:0/0/0/0,unassigned:0/0/0/0",12/12,17740/44068/26,740/75/0/15/0,0,0,93/8/3,3069,idle/19/100,"pd20/0/6,aa11/0/0,tmd2,sh9,tml6,arty5",11/3/7,23/49,2/14/57/0,2/60/80/2,0.00/1.00
27843240,4,4313,3069,JointAttack,JointAttack/0,Defend/0,idle,41/576/unmet,Balanced,28.8,2625.1,19/24,153,Balanced,Army,"A=100,T2=0,T3=0,X=44,N=0",0.18,1,defense-pressure,18/9020,6/7950,Abandoned,yes/96.2/96.20/surface/0/0,22188/3000/losing,"L3,A3,N1",0/idle/defense-alert,Siege:uel0401/0/1,44/18/2,16/15/12,0/0,0/45,12/60,38/0/221,13/2,6/32/28,10848/10848/10848,6496/3899/0/99/78/5,36/22/0,458/23,22,0.129/0.180,"L0,A0,W0,M0,H0",4/0/0,73/255,11/1040/268,17,none/3,"Lalert/alert,Aalert/alert,Ndomain/domain","pool:10/34570/9/4150,directed:51/25000/0/58306,nativeLand:29/12612/23/22584,nativeAir:4/6000/4/38250,nativeNaval:0/0/0/0,unassigned:0/0/0/0",12/17,49910/78182/19,576/492/41/60/2,0,0,130/10/6,3069,idle/35/100,"pd5/1/1,aa6/1/1,tmd7,sh12,tml3,arty0",1/0/11,14/48,3/11/73/0,2/60/80/2,0.00/1.00
27843240,2,4368,3129,Raid,Raid/0,Defend/0,idle,0/864/unmet,Recover,24.0,1820.6,25/24,113,Balanced,Army,"A=100,T2=0,T3=0,X=0,N=0",0.00,0,defense-pressure,26/11540,1/1500,Abandoned,yes/629.7/629.72/surface/0/13,13740/400/losing,"L3,A3,N1",1/idle/map-cap,Siege:uel0401/0/0,49/18/1,25/12/11,0/0,252/45,21/60,52/5/9,7/0,6/18/42,18727/18727/18727,5700/12869/0/67/62/4,36/19/0,434/2,23,0.119/0.180,"L0,A0,W0,M0,H0",0/0/3,91/320,6/1299/352,29,none/1,"Lalert/alert,Aalert/alert,Ndomain/domain","pool:3/2460/3/4030,directed:34/16240/1/68500,nativeLand:28/12508/28/23798,nativeAir:8/12000/6/37150,nativeNaval:0/0/0/0,unassigned:0/0/0/0",12/13,21340/43208/20,864/60/0/14/0,0,0,91/5/2,3129,idle/19/100,"pd20/0/6,aa11/0/0,tmd2,sh11,tml6,arty5",11/3/7,14/49,2/12/57/0,2/59/91/2,0.00/1.00
27843240,4,4385,3129,JointAttack,JointAttack/0,none/0,idle,0/0,Recover,28.9,2658.4,19/24,165,Balanced,Army,"A=95,T2=0,T3=0,X=0,N=0",0.00,1,combat-losses,17/8800,5/6450,Ready,no/0.0/0.00/none/0/0,22008/7098/losing,"L3,A3,N1",0/idle/stall-risk,Siege:uel0401/0/1,45/18/2,16/15/13,0/0,252/45,12/60,39/0/0,13/2,6/32/28,10978/10978/10978,6496/4029/0/100/78/3,36/21/0,462/25,10,0.126/0.180,"L0,A0,W0,M0,H0",2/0/0,78/260,0/1062/268,17,stall-risk/3,"Lstall/stall,Astall/stall,Ndomain/domain","pool:10/34590/8/4150,directed:55/27620/0/63066,nativeLand:26/12072/23/22584,nativeAir:4/6000/4/41250,nativeNaval:0/0/0/0,unassigned:0/0/0/0",12/18,54310/80282/19,0/0/0/55/0,0,0,132/10/8,3129,idle/35/100,"pd5/1/1,aa6/1/1,tmd7,sh12,tml3,arty0",1/0/11,18/47,3/9/75/0,2/59/91/2,0.00/1.00
27843240,2,4443,3189,Raid,Raid/0,Defend/0,idle,0/994/unmet,Balanced,24.3,1900.6,24/24,126,Balanced,Army,"A=100,T2=0,T3=0,X=34,N=0",0.10,2,defense-pressure,17/6816,2/3000,Abandoned,yes/581.6/581.65/surface/0/13,10276/3390/losing,"L3,A3,N1",1/idle/map-cap,Siege:uel0401/0/2,50/18/0,25/12/12,0/0,252/45,21/60,53/5/9,7/0,6/18/42,19009/19009/19009,5713/13116/0/67/62/2,36/15/0,437/2,9,0.104/0.180,"L0,A0,W0,M0,H0",2/0/5,94/323,2/1330/352,29,none/1,"Lalert/alert,Aalert/alert,Ndomain/domain","pool:6/31420/6/4030,directed:39/19140/0/70160,nativeLand:25/11632/24/24674,nativeAir:8/12000/7/40150,nativeNaval:0/0/0/0,unassigned:0/0/0/0",12/14,31000/74192/20,994/26/0/15/0,0,0,92/8/1,3189,idle/19/100,"pd20/0/6,aa11/0/0,tmd3,sh11,tml6,arty6",11/3/7,14/49,2/9/61/0,2/59/100/2,0.02/1.00
27843240,4,4461,3189,JointAttack,JointAttack/0,Defend/2,yielded,49/1768/unmet,Balanced,29.0,2691.6,19/24,186,Balanced,Army,"A=100,T2=0,T3=0,X=45,N=0",0.21,1,defense-pressure,23/10120,3/4500,Abandoned,yes/1225.4/1225.41/surface/0/0,16716/4498/losing,"L3,A3,N1",0/idle/defense-alert,Siege:uel0401/0/1,46/18/1,16/15/14,0/0,252/45,12/60,36/0/221,13/2,6/32/28,11231/11231/11231,6496/4242/0/100/78/2,36/21/0,481/25,16,0.126/0.180,"L2,A0,W0,M0,H0",3/0/0,82/264,6/1074/268,17,none/3,"Lstall/stall,Astall/stall,Ndomain/domain","pool:9/32230/7/4150,directed:55/28580/0/68426,nativeLand:29/14672/23/22584,nativeAir:5/7500/4/42750,nativeNaval:0/0/0/0,unassigned:2/1880/2/0",12/20,56190/84862/17,1768/114/49/54/0,0,0,133/11/8,3189,assisting/31/100,"pd5/1/1,aa6/1/1,tmd8,sh12,tml3,arty0",1/0/11,13/47,3/5/83/0,2/59/100/2,0.00/1.00
27843240,2,4512,3249,Raid,Raid/0,Defend/3,yielded,45/1059/unmet,Balanced,27.6,1882.4,24/24,142,Balanced,Army,"A=100,T2=0,T3=0,X=41,N=0",0.15,2,defense-pressure,12/4676,3/4500,Abandoned,yes/583.2/583.25/surface/0/13,9700/4070/losing,"L3,A3,N1",1/idle/map-cap,Siege:uel0401/0/2,49/18/1,24/12/12,0/0,252/45,21/60,53/5/9,7/0,6/18/42,19114/19114/19114,5749/13184/0/68/62/1,36/20/1,459/2,22,0.122/0.180,"L3,A0,W0,M0,H0",0/0/0,95/330,0/1345/355,29,none/1,"Lalert/alert,Aalert/alert,Ndomain/domain","pool:3/29980/2/4030,directed:37/18440/1/72300,nativeLand:31/14512/24/24674,nativeAir:8/12000/6/41650,nativeNaval:0/0/0/0,unassigned:5/2400/5/0",12/14,32740/77332/20,1059/532/45/16/0,0,0,97/7/7,3249,repairing/34/100,"pd20/0/6,aa11/0/0,tmd3,sh11,tml6,arty6",11/3/7,22/48,2/8/67/0,2/59/107/2,0.00/1.00
27843240,4,4529,3249,JointAttack,JointAttack/0,Defend/0,idle,15/550/unmet,Recover,29.0,2722.9,19/24,158,Balanced,Army,"A=100,T2=0,T3=0,X=0,N=0",0.00,1,defense-pressure,29/13120,3/4500,Abandoned,yes/1197.3/1197.28/surface/0/0,18220/0/losing,"L3,A3,N1",0/idle/defense-alert,Siege:uel0401/0/1,46/18/0,16/15/14,0/0,252/45,12/60,38/0/221,13/2,6/32/28,11304/11304/11304,6496/4304/0/100/78/1,36/18/0,499/26,17,0.115/0.180,"L0,A0,W0,M0,H0",6/0/0,88/275,4/1099/278,17,none/3,"Lalert/alert,Aalert/alert,Ndomain/domain","pool:8/33770/6/4150,directed:60/31660/0/75746,nativeLand:29/13732/23/22584,nativeAir:5/7500/4/45750,nativeNaval:0/0/0/0,unassigned:3/1280/3/0",12/22,54050/87942/20,550/84/15/57/0,0,0,141/11/5,3249,repairing/22/100,"pd5/2/1,aa6/2/1,tmd8,sh12,tml3,arty0",1/0/11,20/47,3/10/85/0,2/59/107/2,0.00/1.00
27843240,2,4626,3309,Raid,Raid/0,Defend/0,idle,15/715/unmet,Balanced,26.8,1849.4,24/24,207,Balanced,Army,"A=100,T2=0,T3=0,X=40,N=0",0.15,3,defense-pressure,9/4180,3/4500,Abandoned,yes/430.4/430.36/surface/0/13,9332/1080/losing,"L3,A3,N1",1/idle/map-cap,Siege:uel0401/0/3,48/18/2,23/12/12,0/0,252/45,21/60,53/5/9,8/0,6/18/42,19393/19393/19393,5943/13268/0/69/62/2,36/10/0,463/2,9,0.086/0.180,"L0,A0,W0,M0,H0",3/0/0,97/354,3/1362/364,29,none/1,"Lalert/alert,Aalert/alert,Ndomain/domain","pool:7/31900/7/4030,directed:40/19760/0/74340,nativeLand:29/13552/29/24674,nativeAir:7/10500/6/44650,nativeNaval:0/0/0/0,unassigned:0/0/0/0",12/16,32500/75712/21,715/487/15/17/0,0,0,98/7/4,3309,repairing/34/100,"pd20/0/6,aa11/0/0,tmd3,sh12,tml6,arty6",11/3/7,17/47,2/8/68/0,2/60/116/3,0.00/1.00
27843240,4,4643,3309,JointAttack,JointAttack/0,Defend/0,idle,75/1142/unmet,Balanced,29.0,2785.4,19/24,137,GunshipCounter,Army,"A=100,T2=0,T3=0,X=45,N=0",0.18,1,defense-pressure,22/10280,4/6000,Abandoned,yes/115.1/115.07/surface/0/0,16976/0/losing,"L3,A3,N1",0/idle/defense-alert,Siege:uel0401/0/1,46/18/0,16/15/14,0/0,252/45,12/60,38/0/221,13/2,6/32/28,11432/11432/11432,6496/4403/0/100/78/0,36/17/0,515/26,20,0.111/0.180,"L0,A0,W0,M0,H0",6/0/0,92/316,0/1131/278,17,none/3,"Lalert/alert,Aalert/alert,Ndomain/domain","pool:11/36070/9/4150,directed:66/36320/0/78706,nativeLand:32/14292/23/22584,nativeAir:5/7500/4/48750,nativeNaval:0/0/0/0,unassigned:0/0/0/0",12/24,54550/94182/21,1142/140/75/66/0,0,0,146/14/8,3309,idle/20/100,"pd5/2/1,aa6/2/1,tmd9,sh12,tml3,arty0",1/0/11,15/47,3/10/92/0,2/60/116/3,0.00/1.00
27843240,2,4691,3369,Raid,Raid/0,Defend/0,idle,0/462/unmet,Recover,24.3,2095.5,23/24,193,Balanced,Army,"A=100,T2=0,T3=0,X=0,N=0",0.00,3,defense-pressure,15/8520,2/3000,Abandoned,yes/209.8/15.97/air/17/13,12664/28000/stable,"L3,A3,N1",1/idle/map-cap,Siege:uel0401/0/3,43/18/6,18/12/12,0/0,0/45,21/60,52/3/9,9/0,6/18/42,19637/19637/19637,6053/13401/0/74/65/10,36/12/2,476/2,27,0.093/0.160,"L0,A0,W0,M0,H0",5/0/1,100/357,11/1389/379,29,none/1,"Lalert/alert,Aalert/alert,Ndomain/domain","pool:5/30940/5/4030,directed:43/20000/0/78420,nativeLand:24/11152/24/27074,nativeAir:8/12000/6/44650,nativeNaval:0/0/0/0,unassigned:2/960/2/0",12/15,31480/75052/19,462/430/0/12/0,0,0,96/7/1,3369,repairing/34/100,"pd18/0/6,aa11/0/0,tmd3,sh13,tml6,arty6",11/3/7,14/44,2/8/66/0,2/61/120/2,0.00/1.00
27843240,4,4709,3369,JointAttack,JointAttack/0,Defend/3,yielded,56/55,Balanced,29.0,2801.0,18/24,127,Balanced,Army,"A=100,T2=0,T3=0,X=44,N=0",0.12,1,defense-pressure,12/5100,5/7500,Abandoned,yes/48.4/48.38/air/45/0,13396/0/losing,"L3,A3,N1",0/idle/defense-alert,Siege:uel0401/0/1,45/18/1,15/15/14,0/0,252/45,12/60,40/0/261,13/2,6/32/28,11581/11581/11581,6497/4419/0/101/78/1,36/19/0,536/26,19,0.119/0.180,"L3,A0,W0,M0,H0",3/0/0,98/322,10/1165/278,17,none/3,"Lalert/alert,Aalert/alert,Ndomain/domain","pool:12/34780/10/4150,directed:82/45220/0/79406,nativeLand:25/11952/22/24024,nativeAir:5/7500/4/53250,nativeNaval:0/0/0/0,unassigned:0/0/0/0",12/30,53590/99452/24,55/543/56/75/0,0,0,157/13/10,3369,idle/20/100,"pd5/2/1,aa6/2/1,tmd9,sh12,tml3,arty0",1/0/11,13/46,3/9/102/0,2/61/120/2,0.02/1.00
27843240,2,4757,3429,Raid,Raid/0,Defend/0,idle,7/114/unmet,Balanced,24.1,2105.1,22/24,172,Balanced,Army,"A=100,T2=0,T3=0,X=37,N=0",0.17,3,defense-pressure,15/8520,0/0,Abandoned,yes/157.4/4.09/air/524/38,22899/31000/stable,"L3,A3,N1",1/idle/map-cap,Siege:uel0401/0/3,48/18/7,21/15/11,0/0,252/45,20/60,48/5/1,10/0,6/18/42,19738/19738/19738,6054/13516/0/76/65/11,36/10/2,483/2,13,0.086/0.180,"L0,A0,W0,M0,H0",2/0/7,102/359,4/1406/381,29,none/1,"Lalert/alert,Aalert/alert,Ndomain/domain","pool:5/29780/3/4990,directed:47/21800/1/79500,nativeLand:24/11152/24/27074,nativeAir:9/13500/6/44650,nativeNaval:0/0/0/0,unassigned:9/3900/9/0",12/17,31880/80132/19,114/437/7/13/0,0,0,95/13/4,3429,repairing/34/100,"pd17/0/7,aa8/0/0,tmd3,sh13,tml6,arty3",10/3/7,21/47,2/8/71/0,2/61/124/2,0.00/1.00
27843240,4,4774,3429,JointAttack,JointAttack/0,none/0,idle,0/0,Balanced,29.0,2816.6,19/24,24,Balanced,Army,"A=95,T2=0,T3=0,X=66,N=0",0.17,1,combat-losses,18/8520,4/6000,Expired,no/0.0/0.00/none/0/0,15316/0/losing,"L3,A3,N1",0/idle/stall-risk,Siege:uel0401/0/1,44/18/2,14/15/14,0/0,0/45,12/60,41/0/0,13/2,6/32/28,11798/11798/11798,6497/4604/0/102/78/2,36/22/0,551/28,19,0.129/0.180,"L0,A0,W0,M0,H0",6/0/0,101/325,0/1204/278,17,stall-risk/3,"Lstall/stall,Astall/stall,Ndomain/domain","pool:12/37090/10/4150,directed:78/43880/0/85786,nativeLand:27/12112/24/24024,nativeAir:5/7500/4/56250,nativeNaval:0/0/0/0,unassigned:0/0/0/0",12/30,52410/100582/22,0/0/0/71/2,0,0,161/12/6,3429,idle/20/100,"pd5/2/1,aa6/2/3,tmd9,sh12,tml3,arty0",1/0/11,20/45,3/10/104/0,2/61/124/2,0.00/1.00
27843240,2,4827,3489,Raid,Raid/0,Defend/0,idle,15/750/unmet,Recover,26.2,2343.1,22/24,147,GunshipCounter,Army,"A=100,T2=0,T3=0,X=0,N=0",0.00,2,defense-pressure,34/15360,0/0,Abandoned,yes/164.2/164.16/surface/0/0,44890/4080/losing,"L3,A3,N1",1/idle/map-cap,Siege:uel0401/0/2,44/18/11,20/13/10,0/0,0/45,19/60,44/0/59,11/0,6/18/42,19770/19770/19770,6054/13573/0/85/68/22,36/15/7,495/2,13,0.104/0.180,"L0,A0,W0,M0,H0",0/0/1,104/361,0/1424/385,29,stall-risk/1,"Lalert/alert,Aalert/alert,Ndomain/domain","pool:5/30940/4/4990,directed:24/10540/0/92820,nativeLand:30/13752/24/27074,nativeAir:9/13500/7/44650,nativeNaval:0/0/0/0,unassigned:0/0/0/0",8/8,31880/68732/23,750/475/15/8/0,0,0,76/5/4,3489,idle/34/100,"pd15/0/7,aa6/0/0,tmd3,sh13,tml6,arty3",9/3/7,20/44,2/9/52/0,2/62/125/2,0.00/1.00
27843240,4,4844,3489,JointAttack,JointAttack/0,Defend/0,idle,41/930/unmet,Recover,30.6,3305.8,19/24,46,Balanced,Army,"A=100,T2=0,T3=0,X=0,N=0",0.00,1,defense-pressure,36/19220,7/8400,Abandoned,yes/645.6/645.57/surface/0/0,28380/1560/losing,"L3,A3,N1",0/idle/defense-alert,Siege:uel0401/0/1,43/18/2,13/15/14,0/0,0/45,12/60,41/0/261,13/2,6/32/28,12014/12014/12014,6502/4796/0/103/78/3,36/24/2,568/30,20,0.137/0.180,"L0,A0,W0,M0,H0",6/0/0,104/328,0/1224/288,17,stall-risk/3,"Lalert/alert,Aalert/alert,Ndomain/domain","pool:7/30710/2/5050,directed:66/36780/0/98626,nativeLand:27/12232/24/24024,nativeAir:7/10500/4/60750,nativeNaval:0/0/0/0,unassigned:6/5940/5/0",12/21,55720/96162/17,930/525/41/61/0,0,0,149/13/7,3489,assisting/26/100,"pd5/2/1,aa6/2/3,tmd9,sh12,tml3,arty0",1/0/11,19/44,3/9/94/0,2/62/125/2,0.00/0.99
27843240,2,4884,3549,Raid,Raid/0,Defend/0,idle,15/406/unmet,Balanced,23.7,2337.1,22/24,179,Balanced,Army,"A=100,T2=0,T3=0,X=28,N=0",0.18,2,defense-pressure,44/19260,2/3000,Abandoned,yes/94.9/94.91/surface/0/27,40462/2580/losing,"L3,A3,N1",1/idle/map-cap,Siege:uel0401/0/2,44/18/10,20/12/11,0/0,0/45,19/60,48/14/1,12/0,6/18/42,19930/19930/19930,6054/13744/0/86/70/17,36/17/0,506/2,11,0.111/0.180,"L0,A0,W0,M0,H0",1/0/1,107/364,3/1443/390,29,none/1,"Lalert/alert,Aalert/alert,Ndomain/domain","pool:5/30680/2/4990,directed:19/8640/0/98760,nativeLand:31/13212/24/27074,nativeAir:8/12000/6/47650,nativeNaval:0/0/0/0,unassigned:0/0/0/0",9/9,28660/64532/21,406/460/15/15/0,0,0,75/5/3,3549,idle/22/100,"pd15/0/7,aa6/0/0,tmd3,sh13,tml6,arty3",9/3/7,14/45,2/12/49/0,2/60/128/2,0.00/1.00
27843240,4,4901,3549,JointAttack,JointAttack/0,Defend/0,idle,41/823/unmet,Balanced,30.4,2847.9,19/24,51,Balanced,Army,"A=100,T2=0,T3=0,X=47,N=34",0.11,1,defense-pressure,51/26980,10/11850,Abandoned,yes/781.7/781.73/surface/0/28,39590/4100/losing,"L3,A3,N1",0/idle/defense-alert,Siege:uel0401/0/1,43/18/1,13/15/14,0/0,0/45,12/60,41/0/261,13/2,6/32/28,12036/12036/12036,6510/4807/0/103/78/2,36/27/1,585/32,21,0.148/0.180,"L0,A0,W0,M0,H0",4/0/0,108/332,11/1268/321,17,none/3,"Lalert/alert,Aalert/alert,Ndomain/domain","pool:3/28500/2/5500,directed:51/28720/0/112766,nativeLand:31/13432/24/24024,nativeAir:8/12000/5/65250,nativeNaval:0/0/0/0,unassigned:7/6540/7/0",12/17,52690/89192/19,823/510/41/52/1,0,0,135/10/6,3549,assisting/65/100,"pd5/2/1,aa6/2/3,tmd9,sh13,tml3,arty0",1/0/11,14/44,3/10/79/0,2/60/128/2,0.03/1.00
27843240,2,4950,3609,Raid,Raid/0,Defend/0,idle,0/629/unmet,Balanced,25.4,2327.1,20/24,182,Balanced,Army,"A=100,T2=0,T3=0,X=37,N=0",0.18,1,defense-pressure,25/38280,2/3000,Abandoned,yes/525.5/525.54/surface/0/20,42964/1980/losing,"L3,A3,N1",1/idle/defense-alert,Siege:uel0401/0/1,37/18/12,16/9/11,0/0,0/45,16/60,46/15/1,15/1,6/18/42,20124/20124/20124,6056/13942/0/97/75/31,36/17/0,507/2,5,0.111/0.180,"L0,A0,W0,M0,H0",0/0/5,110/367,1/1471/390,29,none/1,"Lalert/alert,Aalert/alert,Ndomain/domain","pool:5/3860/5/32990,directed:20/8020/1/102400,nativeLand:23/10672/23/27774,nativeAir:9/13500/4/47650,nativeNaval:0/0/0/0,unassigned:0/0/0/0",7/7,25860/36052/18,629/0/0/12/0,0,0,65/5/0,3609,idle/22/100,"pd14/0/7,aa6/0/0,tmd3,sh11,tml5,arty3",6/3/7,12/39,2/9/41/0,2/59/128/2,0.00/1.00
27843240,4,4967,3609,JointAttack,JointAttack/0,Defend/2,yielded,48/990/unmet,Recover,26.8,2863.5,19/24,59,Balanced,Army,"A=100,T2=0,T3=0,X=0,N=0",0.00,1,defense-pressure,52/28840,9/11400,Abandoned,yes/749.5/749.48/surface/0/0,50510/3720/losing,"L3,A3,N1",0/idle/defense-alert,Siege:uel0401/0/1,41/18/2,12/14/14,0/0,0/45,10/60,42/0/221,15/2,6/32/28,12052/12052/12052,6520/4807/0/105/80/5,36/27/1,603/33,17,0.148/0.180,"L2,A0,W0,M0,H0",5/0/0,112/336,13/1311/362,17,none/3,"Lalert/alert,Aalert/alert,Ndomain/domain","pool:2/28050/1/5950,directed:40/19780/0/127466,nativeLand:27/12112/24/24024,nativeAir:8/12000/5/71250,nativeNaval:0/0/0/0,unassigned:11/7940/8/0",12/14,51570/79882/17,990/510/48/45/0,0,0,122/13/8,3609,moving/105/100,"pd5/2/1,aa6/2/3,tmd9,sh13,tml3,arty0",1/0/9,11/42,3/7/69/0,2/59/128/2,0.00/1.00
27843240,2,5008,3669,Raid,Raid/0,Defend/0,idle,15/1250/unmet,Recover,24.1,2293.1,18/24,250,Balanced,Army,"A=100,T2=0,T3=0,X=0,N=0",0.00,0,defense-pressure,17/34560,3/4500,Abandoned,yes/737.1/737.12/surface/0/27,48780/57778/stable,"L3,A3,N1",1/idle/defense-alert,Siege:uel0401/0/0,38/18/17,16/8/13,0/0,0/45,14/60,45/16/1,17/1,6/18/42,20168/20168/20168,6056/13986/0/103/83/33,36/16/0,517/2,12,0.108/0.160,"L0,A0,W0,M0,H0",1/0/0,111/368,2/1482/390,29,none/3,"Lalert/alert,Aalert/alert,Ndomain/domain","pool:3/1760/3/32990,directed:17/7360/0/104620,nativeLand:26/12432/23/27774,nativeAir:7/10500/4/52150,nativeNaval:0/0/0/0,unassigned:2/440/2/0",8/8,14960/32492/16,1250/30/15/10/0,0,0,63/3/2,3669,repairing/22/100,"pd11/0/10,aa6/0/0,tmd3,sh11,tml4,arty3",4/3/7,8/39,2/6/42/0,2/58/133/0,0.00/1.00
27843240,4,5026,3669,JointAttack,JointAttack/0,Defend/0,idle,43/1360/unmet,Balanced,26.8,2863.5,19/24,138,Balanced,Army,"A=100,T2=0,T3=0,X=40,N=0",0.18,1,defense-pressure,29/17420,8/10950,Abandoned,yes/777.2/777.18/surface/0/0,38554/6480/losing,"L3,A3,N1",0/idle/defense-alert,Siege:uel0401/0/1,40/18/3,12/13/14,0/0,0/45,10/60,42/0/221,15/2,6/32/28,12056/12056/12056,6524/4807/0/106/81/6,36/20/1,613/35,14,0.122/0.180,"L0,A0,W0,M0,H0",7/0/0,115/339,0/1355/419,17,stall-risk/3,"Lalert/alert,Aalert/alert,Ndomain/domain","pool:2/28050/1/5950,directed:46/21940/0/130186,nativeLand:29/13192/26/24024,nativeAir:8/12000/6/75750,nativeNaval:0/0/0/0,unassigned:8/5820/7/0",12/14,49110/81002/16,1360/493/43/49/0,0,0,129/12/5,3669,moving/121/100,"pd5/2/1,aa6/2/3,tmd9,sh13,tml3,arty0",1/0/9,18/41,3/9/74/0,2/58/133/0,0.00/1.00
27843240,2,5111,3729,Raid,Raid/0,Defend/0,idle,8/690/unmet,Recover,24.1,2269.1,18/24,154,Balanced,Army,"A=100,T2=0,T3=0,X=0,N=0",0.00,0,defense-pressure,20/8020,5/7500,Abandoned,yes/491.5/491.52/surface/0/0,26415/57298/stable,"L3,A3,N1",1/idle/defense-alert,Siege:uel0401/0/0,40/18/10,15/8/16,0/0,0/45,14/60,45/0/139,17/1,6/18/42,20229/20229/20229,6057/14063/0/107/89/40,36/19/0,518/2,4,0.119/0.180,"L0,A0,W0,M0,H0",3/0/3,113/383,4/1510/394,29,none/3,"Lalert/alert,Aalert/alert,Ndomain/domain","pool:8/4180/5/32990,directed:9/4440/0/111020,nativeLand:25/11632/25/27774,nativeAir:5/7500/5/55150,nativeNaval:0/0/0/0,unassigned:0/0/0/0",3/3,18800/27752/15,690/41/8/12/0,0,0,57/8/3,3729,idle/22/100,"pd11/0/13,aa6/0/0,tmd3,sh12,tml4,arty3",4/3/7,13/42,2/5/37/0,2/58/137/1,0.00/1.00
27843240,4,5128,3729,JointAttack,JointAttack/0,Defend/3,yielded,80/1082/unmet,Balanced,26.8,3129.1,19/24,140,GunshipCounter,Army,"A=100,T2=0,T3=0,X=40,N=0",0.17,1,defense-pressure,15/7120,7/9450,Abandoned,yes/360.8/360.85/surface/0/28,17226/12918/losing,"L3,A3,N1",0/idle/defense-alert,Siege:uel0401/1/2,39/18/2,12/12/14,0/0,0/45,10/60,43/0/221,15/2,6/32/28,12114/12114/12114,6561/4828/0/107/83/9,36/20/0,628/35,17,0.122/0.160,"L0,A3,W0,M0,H0",7/0/0,119/376,3/1376/437,17,none/3,"Lalert/alert,Aalert/alert,Ndomain/domain","pool:1/50/1/5950,directed:48/23540/0/134586,nativeLand:27/39632/26/24024,nativeAir:7/10500/6/80250,nativeNaval:0/0/0/0,unassigned:12/9260/9/900",12/17,49530/82982/19,1082/111/80/51/0,0,0,130/14/7,3729,idle/55/100,"pd5/2/1,aa6/2/3,tmd9,sh14,tml3,arty0",1/0/9,6/40,3/7/78/1,2/58/137/1,0.05/1.00
27843240,2,5166,3789,Raid,Raid/0,Defend/0,idle,0/491/unmet,Recover,25.9,2265.1,18/24,149,GunshipCounter,Army,"A=100,T2=0,T3=0,X=0,N=0",0.00,0,defense-pressure,17/7360,2/3000,Abandoned,yes/208.5/8.34/surface/25/41,11676/7400/losing,"L3,A3,N1",1/idle/defense-alert,Siege:uel0401/0/0,44/18/6,16/7/20,0/0,0/45,13/60,47/16/1,18/1,6/18/42,20338/20338/20338,6063/14174/0/109/92/29,36/21/0,530/2,5,0.126/0.180,"L0,A0,W0,M0,H0",0/0/3,116/386,0/1532/396,29,stall-risk/3,"Lalert/alert,Aalert/alert,Ndomain/domain","pool:3/2680/3/32990,directed:17/7880/0/111980,nativeLand:27/13392/26/27774,nativeAir:5/7500/5/55150,nativeNaval:0/0/0/0,unassigned:1/600/1/0",5/5,21220/32052/15,491/34/0/12/0,0,0,62/4/1,3789,assisting/20/100,"pd11/0/13,aa6/0/0,tmd3,sh12,tml4,arty4",2/4/7,16/45,2/8/39/0,2/52/136/1,0.00/1.00
27843240,4,5183,3789,JointAttack,JointAttack/0,Defend/0,idle,43/653/unmet,Recover,28.8,3164.2,20/24,131,Balanced,Army,"A=100,T2=0,T3=0,X=0,N=0",0.00,2,defense-pressure,24/10620,8/7800,Abandoned,yes/236.3/236.28/surface/0/0,19078/33618/stable,"L3,A3,N1",0/idle/defense-alert,Siege:uel0401/1/2,44/18/1,12/17/14,0/0,0/45,10/60,43/0/221,15/2,6/32/28,12123/12123/12123,6565/4837/0/107/84/6,36/25/0,638/37,16,0.140/0.180,"L0,A0,W0,M0,H0",4/0/0,120/377,0/1397/459,17,stall-risk/3,"Lalert/alert,Aalert/alert,Ndomain/domain","pool:1/50/1/5950,directed:37/18500/0/140806,nativeLand:36/43692/26/24024,nativeAir:11/16500/7/81750,nativeNaval:0/0/0/0,unassigned:11/63330/8/1800",12/17,76830/142072/20,653/504/43/52/0,0,0,129/10/6,3789,assisting/97/100,"pd5/2/1,aa6/2/4,tmd9,sh14,tml3,arty0",1/0/9,17/45,3/4/79/1,2/52/136/1,0.00/1.00
27843240,2,5246,3849,Raid,Raid/0,Defend/0,idle,15/444/unmet,Recover,25.9,2265.1,18/24,80,GunshipCounter,Army,"A=100,T2=0,T3=0,X=0,N=0",0.00,0,defense-pressure,5/2260,0/0,Abandoned,yes/607.2/607.15/combined/0/0,4764/14000/stable,"L3,A3,N1",1/idle/defense-alert,Siege:uel0401/0/0,43/18/8,13/9/20,0/0,0/45,13/60,49/0/139,18/1,6/18/42,20445/20445/20445,6080/14264/0/115/95/24,36/20/1,546/2,10,0.122/0.180,"L0,A0,W0,M0,H0",1/0/0,117/396,1/1562/416,29,none/3,"Lalert/alert,Aalert/alert,Ndomain/domain","pool:5/4540/5/32990,directed:19/9660/0/112200,nativeLand:29/15952/12/28254,nativeAir:5/7500/5/55150,nativeNaval:0/0/0/0,unassigned:0/0/0/0",6/6,24500/37652/17,444/64/15/12/0,0,0,66/5/4,3849,idle/13/100,"pd11/0/13,aa6/0/0,tmd3,sh12,tml3,arty4",2/4/7,9/43,2/7/44/0,2/47/141/1,0.00/1.00
27843240,4,5264,3849,JointAttack,JointAttack/0,Defend/2,yielded,56/482/unmet,Recover,26.8,3160.4,21/24,75,Balanced,Army,"A=100,T2=0,T3=0,X=0,N=0",0.00,2,defense-pressure,27/13320,5/4350,Abandoned,yes/745.1/745.13/combined/0/0,18642/34194/stable,"L3,A3,N1",0/idle/defense-alert,Siege:uel0401/1/2,42/18/2,12/15/14,0/0,0/45,10/60,43/0/261,15/2,6/32/28,12137/12137/12137,6568/4848/0/109/88/10,36/25/0,646/38,13,0.140/0.180,"L2,A0,W0,M0,H0",5/0/0,122/398,10/1428/480,17,none/3,"Lalert/alert,Aalert/alert,Ndomain/domain","pool:1/50/1/5950,directed:30/13760/0/147906,nativeLand:36/43932/5/24024,nativeAir:12/18000/8/83250,nativeNaval:0/0/0/0,unassigned:16/68390/11/1800",12/14,74180/144132/22,482/121/56/55/0,0,0,126/13/8,3849,moving/86/100,"pd5/2/1,aa6/2/4,tmd9,sh14,tml3,arty0",1/0/9,21/43,3/7/72/1,2/47/141/1,0.00/1.00
27843240,2,5323,3909,Raid,Raid/3,Defend/0,held,34/673/unmet,Balanced,32.4,2265.1,18/24,53,GunshipCounter,Army,"A=100,T2=0,T3=0,X=52,N=38",0.15,1,defense-pressure,6/2360,0/0,Abandoned,yes/51.9/51.88/air/0/0,4540/8100/stable,"L3,A3,N1",0/idle/defense-alert,Siege:uel0401/0/1,44/18/6,13/10/20,0/0,0/45,13/60,51/0/139,18/1,6/18/42,20518/20518/20518,6080/14337/0/115/98/17,36/22/5,560/2,6,0.129/0.180,"L0,A0,W0,M3,H0",4/0/0,119/405,0/1572/416,29,none/3,"Lalert/alert,Aalert/alert,Ndomain/domain","pool:9/7280/9/32990,directed:21/12800/0/113860,nativeLand:31/16112/11/28254,nativeAir:6/9000/5/55150,nativeNaval:0/0/0/0,unassigned:0/0/0/0",8/8,18836/45192/21,673/127/34/15/0,0,0,71/9/5,3909,idle/13/100,"pd11/1/13,aa6/1/1,tmd3,sh12,tml3,arty4",2/4/7,2/43,2/6/50/0,2/45/141/1,0.00/1.00
27843240,4,5340,3909,JointAttack,JointAttack/0,Defend/0,idle,41/728/unmet,Balanced,48.1,3177.6,21/24,74,Balanced,Army,"A=100,T2=0,T3=0,X=86,N=73",0.21,2,defense-pressure,22/11400,7/9450,Abandoned,yes/242.2/242.20/air/0/0,21666/40424/stable,"L3,A3,N1",0/idle/defense-alert,Siege:uel0401/1/2,42/18/2,12/15/14,0/0,0/45,10/60,44/0/261,15/2,6/32/28,12177/12177/12177,6572/4879/0/109/88/7,36/22/0,657/39,15,0.129/0.180,"L0,A0,W0,M0,H0",6/0/0,125/418,10/1476/528,17,none/3,"Lalert/alert,Aalert/alert,Ndomain/domain","pool:1/50/1/5950,directed:30/14360/0/152206,nativeLand:40/45352/14/24024,nativeAir:9/13500/8/90750,nativeNaval:0/0/0/0,unassigned:12/65320/8/2250",12/13,73120/138582/19,728/517/41/51/2,0,0,124/13/7,3909,moving/126/100,"pd5/2/1,aa6/2/4,tmd9,sh14,tml3,arty0",1/0/9,5/43,3/8/70/1,2/45/141/1,0.00/1.00
27843240,2,5388,3969,Raid,Raid/0,Defend/0,idle,0/340/unmet,Balanced,37.4,2265.1,20/24,70,Balanced,Army,"A=100,T2=0,T3=0,X=65,N=51",0.30,1,defense-pressure,5/1880,1/1500,Abandoned,yes/277.1/277.05/surface/0/20,4172/1500/losing,"L3,A3,N1",0/idle/defense-alert,Siege:uel0401/0/1,45/18/0,14/10/20,0/0,252/45,13/60,51/16/1,18/1,6/18/42,20587/20587/20587,6095/14393/0/115/103/17,36/17/0,571/2,13,0.111/0.180,"L0,A0,W0,M0,H0",2/0/3,123/409,0/1586/416,29,none/3,"Lalert/alert,Aalert/alert,Ndomain/domain","pool:2/1980/2/32990,directed:32/19480/0/114080,nativeLand:33/17872/17/28254,nativeAir:6/9000/5/56650,nativeNaval:0/0/0/0,unassigned:4/1920/3/0",12/12,18080/50252/21,340/0/0/20/0,0,0,84/5/0,3969,building/13/100,"pd11/1/14,aa6/1/1,tmd4,sh12,tml3,arty4",2/4/7,5/44,2/8/62/0,2/45/139/1,0.07/1.00
27843240,4,5404,3969,JointAttack,JointAttack/0,Defend/2,yielded,56/299/unmet,Balanced,46.5,3160.4,20/24,63,Balanced,Army,"A=100,T2=0,T3=0,X=83,N=68",0.17,3,defense-pressure,24/40860,8/10950,Abandoned,yes/210.3/210.34/surface/0/0,49652/54910/stable,"L3,A3,N1",0/idle/defense-alert,Siege:uel0401/0/3,42/18/0,12/15/14,0/0,0/45,11/60,44/0/261,15/2,6/32/28,12238/12238/12238,6572/4940/0/109/90/8,36/20/0,674/39,19,0.122/0.180,"L2,A0,W0,M0,H0",7/0/0,129/422,9/1505/558,17,none/3,"Lalert/alert,Aalert/alert,Ndomain/domain","pool:1/50/1/5950,directed:31/14520/0/157726,nativeLand:38/17392/24/52504,nativeAir:11/16500/8/93750,nativeNaval:0/0/0/0,unassigned:12/91420/8/4810",11/11,76390/139882/21,299/513/56/58/5,0,0,126/14/7,3969,moving/40/100,"pd5/2/1,aa6/2/4,tmd9,sh14,tml3,arty0",2/0/9,5/43,3/8/71/0,2/45/139/1,0.00/1.00
27843240,2,5444,4029,Raid,Raid/0,Defend/0,idle,15/84/unmet,Balanced,32.6,2530.8,22/24,84,Balanced,Army,"A=100,T2=0,T3=0,X=55,N=49",0.26,1,defense-pressure,8/2860,2/3000,Abandoned,yes/392.3/392.26/surface/0/31,6820/840/losing,"L3,A3,N1",0/idle/defense-alert,Siege:uel0401/0/1,45/18/0,14/10/20,0/0,252/45,13/60,53/17/1,18/1,6/18/42,20663/20663/20663,6110/14453/0/115/105/10,36/18/0,585/2,10,0.115/0.180,"L0,A0,W0,M0,H0",5/0/0,126/412,2/1601/418,29,none/3,"Lalert/alert,Aalert/alert,Ndomain/domain","pool:5/4440/3/32990,directed:36/22920/0/115760,nativeLand:35/17772/25/29214,nativeAir:6/9000/5/58150,nativeNaval:0/0/0/0,unassigned:6/2100/6/0",12/13,21480/56232/19,84/30/15/21/0,0,0,92/7/2,4029,building/13/100,"pd11/1/14,aa6/1/1,tmd4,sh13,tml3,arty4",2/3/8,9/44,2/5/73/0,2/43/139/1,0.17/1.00
27843240,4,5461,4029,JointAttack,JointAttack/0,Defend/2,yielded,67/524/unmet,Balanced,49.4,3191.6,20/24,134,Balanced,Army,"A=100,T2=0,T3=0,X=89,N=80",0.35,3,defense-pressure,25/40880,6/9000,Abandoned,yes/416.0/416.01/surface/0/0,47694/25910/losing,"L3,A3,N1",0/idle/defense-alert,Siege:uel0401/0/3,42/18/0,12/15/14,0/0,0/45,13/60,44/0/261,15/2,6/32/28,12242/12242/12242,6572/4944/0/109/91/3,36/23/0,684/39,19,0.133/0.180,"L0,A2,W0,M0,H0",8/0/0,133/426,0/1516/563,17,none/3,"Lalert/alert,Aalert/alert,Ndomain/domain","pool:16/93890/11/5950,directed:35/16540/0/161086,nativeLand:36/16172/28/53464,nativeAir:13/19500/8/99750,nativeNaval:0/0/0/0,unassigned:0/0/0/4810",12/12,79170/146102/20,524/544/67/65/1,0,0,130/15/7,4029,idle/31/100,"pd5/2/1,aa6/2/4,tmd10,sh14,tml3,arty0",4/0/9,4/43,3/8/76/0,2/43/139/1,0.18/1.00
27843240,2,5557,4089,Raid,Raid/0,Defend/0,idle,26/717/unmet,Balanced,34.3,2562.0,23/24,81,GunshipCounter,Army,"A=100,T2=0,T3=0,X=51,N=0",0.16,1,defense-pressure,13/5520,3/4500,Abandoned,yes/599.0/599.02/combined/0/0,10768/6770/losing,"L3,A3,N1",0/idle/defense-alert,Siege:uel0401/0/1,45/18/0,14/10/20,0/0,252/45,14/60,54/0/139,18/1,6/18/42,20697/20697/20697,6126/14472/0/115/111/13,36/16/0,596/2,14,0.108/0.180,"L0,A0,W0,M0,H0",3/0/3,130/441,3/1624/426,29,none/3,"Lalert/alert,Aalert/alert,Ndomain/domain","pool:6/4920/5/32990,directed:43/25240/0/118640,nativeLand:38/18692/32/29214,nativeAir:6/9000/6/61150,nativeNaval:0/0/0/0,unassigned:2/960/2/0",12/16,25360/58812/21,717/67/26/31/0,0,0,101/8/3,4089,repairing/27/100,"pd11/1/14,aa6/1/3,tmd4,sh13,tml3,arty4",3/3/8,3/46,2/11/75/0,2/43/140/1,0.00/1.00
27843240,4,5574,4089,JointAttack,JointAttack/0,Defend/0,idle,26/1148/unmet,Balanced,27.8,3207.3,19/24,128,Balanced,Army,"A=100,T2=0,T3=0,X=44,N=32",0.30,3,defense-pressure,24/10120,11/16500,Abandoned,yes/622.0/179.03/air/25/1,26992/3330/losing,"L3,A3,N1",0/idle/defense-alert,Siege:uel0401/0/3,42/18/0,12/15/14,0/0,0/45,15/60,44/0/261,15/2,6/32/28,12249/12249/12249,6575/4949/0/109/91/3,36/21/0,692/39,14,0.126/0.180,"L0,A0,W0,M0,H0",12/0/0,138/446,0/1519/563,17,none/3,"Lalert/alert,Aalert/alert,Ndomain/domain","pool:17/93850/12/5950,directed:36/17680/0/166886,nativeLand:41/18052/30/53464,nativeAir:11/16500/8/110250,nativeNaval:0/0/0/0,unassigned:0/0/0/4810",12/12,82630/146082/21,1148/462/26/74/0,0,0,135/17/5,4089,idle/31/100,"pd5/2/1,aa6/2/4,tmd10,sh14,tml3,arty0",6/0/9,3/43,3/8/81/0,2/43/140/1,0.22/1.00
27843240,2,5693,4149,Raid,Raid/0,Defend/0,idle,28/468/unmet,Balanced,38.5,2951.4,22/24,89,Balanced,Army,"A=100,T2=0,T3=0,X=68,N=64",0.32,2,defense-pressure,26/14760,4/6000,Abandoned,yes/300.9/8.06/surface/37/53,21192/20650/stable,"L3,A3,N1",0/idle/defense-alert,Siege:uel0401/0/1,46/18/1,15/10/20,0/0,252/45,16/60,56/19/1,18/1,6/18/42,20726/20726/20726,6155/14491/0/116/111/9,36/15/0,599/2,11,0.104/0.180,"L0,A0,W0,M0,H0",2/0/2,133/480,2/1644/435,29,none/3,"Lalert/alert,Aalert/alert,Ndomain/domain","pool:3/1410/1/32990,directed:34/17860/0/130040,nativeLand:41/20252/29/29694,nativeAir:7/10500/6/64150,nativeNaval:0/0/0/0,unassigned:4/3740/4/0",12/13,19810/53762/20,468/114/28/32/1,0,0,96/8/4,4149,assisting/16/100,"pd11/1/14,aa6/1/4,tmd4,sh13,tml3,arty4",5/3/8,9/47,2/12/70/0,2/39/120/1,0.21/1.00
27843240,4,5710,4149,JointAttack,JointAttack/0,Defend/0,idle,41/473/unmet,Recover,30.3,3222.9,18/24,119,Balanced,Army,"A=100,T2=0,T3=0,X=0,N=0",0.00,3,defense-pressure,17/8040,10/15000,Abandoned,yes/298.8/298.78/surface/0/0,23722/3420/losing,"L3,A3,N1",0/idle/defense-alert,Siege:uel0401/0/3,40/18/2,11/14/14,0/0,0/45,15/60,44/0/221,16/2,6/32/28,12257/12257/12257,6583/4949/0/111/92/4,36/22/0,702/39,16,0.129/0.140,"L0,A0,W0,M0,H0",11/0/0,143/490,0/1523/563,17,none/3,"Lalert/alert,Aalert/alert,Ndomain/domain","pool:17/95390/14/5950,directed:50/22300/0/169126,nativeLand:37/16912/32/53464,nativeAir:13/19500/8/114750,nativeNaval:0/0/0/0,unassigned:0/0/0/4810",12/16,81070/154102/24,473/518/41/85/0,0,0,146/17/6,4149,idle/31/100,"pd5/2/1,aa6/2/4,tmd10,sh14,tml3,arty0",6/0/9,17/41,3/9/91/0,2/39/120/1,0.00/1.00
27843240,2,5758,4209,Raid,Raid/0,Defend/0,idle,0/130/unmet,Balanced,30.7,2831.6,23/24,71,Balanced,Army,"A=100,T2=0,T3=0,X=55,N=43",0.18,2,defense-pressure,21/13160,4/4950,Abandoned,yes/142.4/2.28/surface/62/54,19042/16840/stable,"L3,A3,N1",1/building/construction-active,Siege:uel0401/0/1,47/18/5,15/9/22,0/0,294/45,15/60,57/19/1,19/1,7/21/39,20737/20737/20737,6159/14498/0/120/111/11,36/19/7,619/2,15,0.119/0.180,"L0,A0,W0,M0,H0",7/0/0,137/485,3/1659/443,29,none/3,"Lalert/alert,Aalert/alert,Ndomain/domain","pool:8/8280/7/33440,directed:47/23440/7/131320,nativeLand:35/18032/35/29694,nativeAir:8/12000/6/65650,nativeNaval:0/0/0/0,unassigned:0/0/0/0",12/17,24220/61752/21,130/26/0/30/4,0,0,104/8/1,4209,assisting/24/100,"pd11/1/14,aa6/1/5,tmd4,sh14,tml3,arty4",4/3/8,12/48,2/12/77/0,2/39/120/1,0.08/1.00
27843240,4,5776,4209,JointAttack,JointAttack/0,Defend/0,idle,41/659/unmet,Recover,27.8,3222.9,18/24,91,Balanced,Army,"A=100,T2=0,T3=0,X=0,N=0",0.00,3,defense-pressure,3/2240,12/18000,Abandoned,yes/577.6/577.58/combined/0/0,21174/3320/losing,"L3,A3,N1",0/idle/defense-alert,Siege:uel0401/0/3,37/18/5,10/12/14,0/0,0/45,15/60,44/0/261,16/2,6/32/28,12264/12264/12264,6590/4949/0/114/92/6,36/22/0,718/39,21,0.129/0.180,"L0,A0,W0,M0,H0",11/0/0,145/496,0/1528/563,17,none/3,"Lalert/alert,Aalert/alert,Ndomain/domain","pool:16/94910/11/5950,directed:57/25660/0/169126,nativeLand:41/18832/32/53464,nativeAir:9/13500/8/128250,nativeNaval:0/0/0/0,unassigned:0/0/0/4810",12/18,75890/152902/22,659/492/41/90/4,0,0,153/16/5,4209,idle/31/100,"pd5/2/1,aa6/2/4,tmd10,sh14,tml3,arty0",6/0/9,16/38,3/9/98/0,2/39/120/1,0.00/1.00
27843240,2,5867,4269,Raid,Raid/0,Defend/0,idle,26/253/unmet,Recover,28.2,2831.6,22/24,56,GunshipCounter,Army,"A=100,T2=0,T3=0,X=0,N=0",0.00,2,defense-pressure,7/4160,4/4950,Abandoned,yes/139.5/2.41/air/137/58,10186/30880/stable,"L3,A3,N1",1/idle/cooldown,Siege:uel0401/0/0,47/18/4,15/9/22,0/0,252/45,15/60,59/19/1,19/1,6/18/42,20801/20801/20801,6167/14553/0/120/111/5,36/25/0,627/2,12,0.140/0.180,"L0,A0,W0,M0,H0",0/0/5,138/504,0/1676/463,29,stall-risk/3,"Lalert/alert,Aalert/alert,Ndomain/domain","pool:8/8720/8/33440,directed:50/24880/0/131320,nativeLand:34/19952/32/32574,nativeAir:8/12000/6/68650,nativeNaval:0/0/0/0,unassigned:0/0/0/0",12/18,23740/65552/19,253/60/26/28/8,0,0,105/8/3,4269,repairing/26/100,"pd11/2/14,aa6/1/5,tmd4,sh14,tml3,arty4",4/3/8,29/48,2/12/78/0,2/40/121/0,0.00/1.00
27843240,4,5884,4269,JointAttack,JointAttack/0,Defend/0,idle,41/604/unmet,Recover,27.8,3222.9,18/24,48,Balanced,Army,"A=100,T2=0,T3=0,X=0,N=0",0.00,3,defense-pressure,3/1440,12/18000,Abandoned,yes/429.2/429.17/combined/0/0,20280/8360/losing,"L3,A3,N1",0/idle/defense-alert,Siege:uel0401/0/3,35/18/5,10/10/14,0/0,0/45,15/60,44/0/261,16/2,6/32/28,12295/12295/12295,6590/4965/0/116/92/8,36/24/0,723/39,16,0.137/0.180,"L0,A0,W0,M0,H0",9/0/0,148/519,0/1534/563,17,stall-risk/3,"Lalert/alert,Aalert/alert,Ndomain/domain","pool:15/94430/11/5950,directed:66/29980/0/169606,nativeLand:37/16912/32/54424,nativeAir:12/18000/8/132750,nativeNaval:0/0/0/0,unassigned:0/0/0/4810",12/21,76370/159322/22,604/518/41/97/14,0,0,160/15/6,4269,idle/31/100,"pd5/2/1,aa6/2/4,tmd10,sh14,tml3,arty0",6/0/9,16/38,3/9/105/0,2/40/121/0,0.00/1.00
27843240,2,5923,4329,Raid,Raid/0,Defend/0,idle,43/396/unmet,Balanced,40.6,2835.6,22/24,35,Balanced,Army,"A=100,T2=0,T3=0,X=46,N=0",0.24,2,defense-pressure,16/7740,4/6000,Abandoned,yes/268.1/4.94/air/62/54,15184/30990/stable,"L3,A3,N1",1/idle/defense-alert,Siege:uel0401/0/1,49/18/0,15/9/24,0/0,252/45,13/60,60/19/1,21/1,6/18/42,20866/20866/20866,6167/14614/0/120/111/4,36/24/1,640/2,19,0.137/0.140,"L0,A0,W0,M0,H0",4/0/0,141/507,0/1691/463,29,none/6,"Lalert/alert,Aalert/alert,Ndomain/domain","pool:7/5180/5/33440,directed:49/27980/3/136180,nativeLand:31/16912/31/32574,nativeAir:7/10500/6/71650,nativeNaval:0/0/0/0,unassigned:2/930/2/0",12/19,18950/61502/21,396/99/43/21/4,0,0,102/9/5,4329,repairing/26/100,"pd11/2/14,aa6/2/5,tmd4,sh14,tml3,arty4",3/2/8,8/48,2/11/76/0,2/39/118/0,0.01/1.00
27843240,4,5940,4329,JointAttack,JointAttack/0,Defend/0,idle,41/419/unmet,Balanced,40.8,3222.9,18/24,24,Balanced,Army,"A=100,T2=0,T3=0,X=56,N=35",0.19,3,defense-pressure,17/8020,7/10500,Abandoned,yes/236.1/236.08/air/0/0,18900/22370/stable,"L3,A3,N1",0/idle/defense-alert,Siege:uel0401/0/3,37/18/2,10/12/14,0/0,0/45,15/60,44/0/261,16/2,6/32/28,12334/12334/12334,6590/4983/0/116/92/5,36/25/0,726/39,13,0.140/0.180,"L0,A0,W0,M0,H0",12/0/0,151/522,0/1538/563,17,none/3,"Lalert/alert,Aalert/alert,Ndomain/domain","pool:18/95870/12/5950,directed:62/28200/0/175706,nativeLand:35/15952/28/55384,nativeAir:12/18000/8/138750,nativeNaval:0/0/0/0,unassigned:0/0/0/4810",12/21,78830/158022/26,419/507/41/93/10,0,0,157/18/6,4329,idle/31/100,"pd5/2/1,aa6/2/4,tmd10,sh14,tml3,arty0",6/0/9,4/38,3/8/104/0,2/39/118/0,0.00/1.00
27843240,2,6013,4389,Raid,Raid/0,Defend/0,idle,43/271/unmet,Balanced,40.6,2843.6,22/24,168,Balanced,Army,"A=100,T2=0,T3=0,X=74,N=59",0.24,2,defense-pressure,38/19100,4/6000,Abandoned,yes/236.1/3.94/air/37/60,26348/2542/losing,"L3,A3,N1",1/idle/defense-alert,Siege:uel0401/0/1,49/18/0,15/9/24,0/0,252/45,13/60,60/19/1,21/1,6/18/42,20866/20866/20866,6167/14614/0/120/111/0,36/19/0,640/2,12,0.119/0.180,"L0,A0,W0,M0,H0",0/0/4,142/524,4/1705/464,29,none/6,"Lalert/alert,Aalert/alert,Ndomain/domain","pool:9/6040/8/33440,directed:24/15180/0/150420,nativeLand:45/23632/35/32574,nativeAir:6/9000/6/74650,nativeNaval:0/0/0/0,unassigned:1/220/1/0",9/9,23426/54072/23,271/112/43/24/1,0,0,93/9/5,4389,idle/26/100,"pd11/2/14,aa6/2/5,tmd5,sh15,tml3,arty4",3/2/8,13/50,2/9/66/0,2/39/123/1,0.01/1.00
27843240,4,6030,4389,JointAttack,JointAttack/0,Defend/0,idle,41/315/unmet,Balanced,40.8,3222.9,18/24,30,GunshipCounter,Army,"A=100,T2=0,T3=0,X=56,N=35",0.20,3,defense-pressure,44/21240,10/15000,Abandoned,yes/236.1/236.08/air/0/0,36588/14946/losing,"L3,A3,N1",0/idle/defense-alert,Siege:uel0401/0/3,37/18/0,10/12/14,0/0,0/45,15/60,44/0/261,17/2,6/32/28,12376/12376/12376,6592/4983/0/116/94/4,36/25/1,748/41,21,0.140/0.180,"L0,A0,W0,M0,H0",10/0/0,155/547,2/1543/563,17,none/3,"Lalert/alert,Aalert/alert,Ndomain/domain","pool:18/95350/14/5950,directed:45/19780/0/189886,nativeLand:39/17352/28/55384,nativeAir:11/16500/8/147750,nativeNaval:0/0/0/0,unassigned:0/0/0/4810",12/15,80810/148982/24,315/503/41/76/3,0,0,141/17/7,4389,idle/31/100,"pd5/2/1,aa6/2/4,tmd10,sh14,tml3,arty0",6/0/9,0/38,3/9/86/0,2/39/123/1,0.00/1.00
27843240,2,6082,4449,Raid,Raid/0,Defend/0,idle,15/201/unmet,Balanced,38.6,2924.6,23/24,166,Balanced,Army,"A=100,T2=0,T3=0,X=85,N=0",0.43,1,defense-pressure,42/19920,3/3450,Abandoned,yes/228.2/2.39/air/53/96,24358/3812/losing,"L3,A3,N1",1/idle/defense-alert,Siege:uel0401/0/1,47/18/2,15/9/22,0/0,252/45,15/60,62/21/1,21/1,6/18/42,20870/20870/20870,6171/14644/0/122/114/5,36/18/0,652/2,17,0.115/0.180,"L0,A0,W0,M0,H0",0/0/6,150/532,0/1715/468,29,none/6,"Lalert/alert,Aalert/alert,Ndomain/domain","pool:4/2910/3/33890,directed:36/19440/2/156200,nativeLand:37/20592/33/33754,nativeAir:8/12000/6/74650,nativeNaval:0/0/0/0,unassigned:5/3420/5/0",12/12,29350/58362/20,201/45/15/26/2,0,0,97/9/3,4449,assisting/24/100,"pd11/2/14,aa6/2/5,tmd5,sh15,tml3,arty4",5/2/8,3/48,2/12/69/0,2/40/125/1,0.38/1.00
27843240,4,6099,4449,JointAttack,JointAttack/0,Defend/5,yielded,97/259/unmet,Balanced,39.3,3222.9,18/24,53,Balanced,Army,"A=100,T2=0,T3=0,X=44,N=0",0.27,3,defense-pressure,49/22220,11/16500,Abandoned,yes/236.1/236.08/air/0/0,39240/936/losing,"L3,A3,N1",0/idle/defense-alert,Siege:uel0401/0/3,36/18/1,9/12/14,0/0,0/45,15/60,45/0/261,19/2,6/32/28,12382/12382/12382,6598/4983/0/117/94/3,36/23/0,758/41,18,0.133/0.180,"L3,A2,W0,M0,H0",8/0/0,160/552,0/1545/563,17,none/3,"Lalert/alert,Aalert/alert,Ndomain/domain","pool:19/95570/15/5950,directed:42/18860/0/197446,nativeLand:42/18532/30/55384,nativeAir:12/18000/8/155250,nativeNaval:0/0/0/0,unassigned:0/0/0/4810",12/14,79990/150962/22,259/559/97/83/2,0,0,141/18/10,4449,idle/31/100,"pd5/2/1,aa6/2/4,tmd10,sh14,tml3,arty0",6/0/9,1/37,3/9/86/0,2/40/125/1,0.18/1.00
27843240,2,6149,4509,Raid,Raid/0,Defend/3,yielded,45/556/unmet,Balanced,39.0,3129.1,24/24,152,Balanced,Army,"A=100,T2=0,T3=0,X=68,N=55",0.33,2,defense-pressure,16/7180,5/5400,Abandoned,yes/169.6/169.56/surface/0/0,13634/3500/losing,"L3,A3,N1",2/building/construction-active,Siege:uel0401/0/1,48/18/3,15/8/24,0/0,294/45,16/60,62/0/139,21/1,7/18/42,20870/20870/20870,6184/14645/0/123/116/8,36/21/0,652/2,13,0.126/0.180,"L3,A0,W0,M0,H0",3/0/2,153/535,4/1728/471,29,none/6,"Lalert/alert,Aalert/alert,Ndomain/domain","pool:1/480/0/34340,directed:45/24020/0/156420,nativeLand:40/22032/33/33754,nativeAir:8/12000/6/79150,nativeNaval:0/0/0/0,unassigned:8/5880/8/0",12/15,26880/64412/24,556/101/45/32/1,0,0,107/10/6,4509,repairing/31/100,"pd11/2/14,aa6/2/7,tmd5,sh15,tml3,arty4",6/2/8,6/47,2/11/81/0,2/40/143/2,0.57/1.00
27843240,4,6166,4509,JointAttack,JointAttack/0,Defend/0,idle,43/213/unmet,Balanced,41.0,3222.9,18/24,76,Balanced,Army,"A=100,T2=0,T3=0,X=65,N=47",0.24,2,defense-pressure,28/11880,10/15000,Abandoned,yes/99.1/99.11/surface/0/0,27666/0/losing,"L3,A3,N1",0/idle/defense-alert,Siege:uel0401/1/2,35/18/2,9/11/14,0/0,0/45,16/60,45/0/221,19/2,6/32/28,12446/12446/12446,6603/5038/0/118/99/9,36/20/0,773/41,22,0.122/0.180,"L0,A0,W0,M0,H0",8/0/0,166/558,0/1553/563,17,none/3,"Lalert/alert,Aalert/alert,Ndomain/domain","pool:16/93980/11/5950,directed:52/22100/0/201766,nativeLand:38/17392/30/55384,nativeAir:12/18000/8/162750,nativeNaval:0/0/0/0,unassigned:0/0/0/4810",12/17,79750/151472/22,213/526/43/82/0,0,0,148/15/7,4509,idle/31/100,"pd5/2/1,aa6/2/5,tmd10,sh14,tml3,arty0",7/0/9,7/36,3/11/92/1,2/40/143/2,0.01/1.00
27843240,2,6213,4569,Raid,Raid/0,Defend/0,idle,0/554/unmet,Balanced,30.2,3147.8,23/24,79,GunshipCounter,Army,"A=100,T2=0,T3=0,X=43,N=0",0.33,3,defense-pressure,9/4060,4/4950,Abandoned,yes/223.0/222.96/air/0/0,9622/5250/losing,"L3,A3,N1",1/building/construction-active,Siege:uel0401/0/2,46/18/3,14/7/24,0/0,294/45,17/60,62/0/139,21/1,7/18/42,20881/20881/20881,6195/14645/0/125/117/11,36/21/0,668/2,21,0.126/0.180,"L0,A0,W0,M0,H0",3/0/5,158/540,0/1736/477,29,none/6,"Lalert/alert,Aalert/alert,Ndomain/domain","pool:0/0/0/34340,directed:54/29140/0/158980,nativeLand:37/20592/36/33754,nativeAir:10/15000/6/79150,nativeNaval:0/0/0/0,unassigned:9/6360/8/0",12/19,25700/71092/23,554/15/0/32/0,0,0,115/9/1,4569,repairing/31/100,"pd11/2/14,aa6/2/7,tmd5,sh15,tml3,arty4",7/2/8,5/45,2/7/93/0,2/43/181/2,0.50/1.00
27843240,4,6230,4569,JointAttack,JointAttack/0,Defend/0,idle,41/232/unmet,Balanced,34.7,3222.9,19/24,94,Balanced,Army,"A=100,T2=0,T3=0,X=53,N=38",0.37,2,defense-pressure,15/7200,10/15000,Abandoned,yes/172.2/172.25/surface/0/0,23298/0/losing,"L3,A3,N1",1/building/construction-active,Siege:uel0401/1/2,32/18/4,8/9/14,0/0,0/45,17/60,46/0/223,19/2,7/32/28,12527/12527/12527,6605/5098/0/121/100/11,36/20/0,783/41,18,0.122/0.180,"L0,A0,W0,M0,H0",9/0/0,170/562,2/1559/563,17,none/3,"Lalert/alert,Aalert/alert,Ndomain/domain","pool:14/66400/11/5950,directed:59/25580/0/204646,nativeLand:48/49192/30/55384,nativeAir:11/16500/8/170250,nativeNaval:0/0/0/0,unassigned:2/1980/2/4810",12/19,84930/159652/26,232/533/41/91/2,0,0,163/16/7,4569,idle/31/100,"pd5/2/1,aa6/2/5,tmd10,sh14,tml3,arty0",8/0/9,3/33,3/13/104/1,2/43/181/2,0.12/1.00
27843240,2,6286,4629,Raid,Raid/0,Defend/2,yielded,15/375/unmet,Balanced,35.2,3589.6,23/24,145,Balanced,Army,"A=100,T2=0,T3=0,X=55,N=0",0.26,3,defense-pressure,22/10960,4/6000,Abandoned,yes/289.2/289.22/surface/0/0,18053/7170/losing,"L3,A3,N1",1/building/construction-active,Siege:uel0401/0/2,48/18/8,15/8/24,0/0,294/45,17/60,66/0/139,22/1,7/18/42,20912/20912/20912,6199/14672/0/131/120/15,36/19/0,668/2,13,0.119/0.180,"L2,A0,W0,M0,H0",6/0/3,160/547,0/1744/480,29,none/6,"Lalert/alert,Aalert/alert,Ndomain/domain","pool:15/8000/13/34340,directed:45/23620/0/167380,nativeLand:49/25312/39/33754,nativeAir:8/12000/6/85150,nativeNaval:0/0/0/0,unassigned:0/0/0/0",12/18,24900/68932/26,375/41/15/39/0,0,0,117/14/5,4629,idle/19/100,"pd13/2/14,aa6/2/8,tmd5,sh15,tml3,arty4",7/2/8,16/47,2/11/91/0,2/46/214/2,0.15/1.00
27843240,4,6304,4629,JointAttack,JointAttack/0,Defend/6,yielded,125/149/unmet,Recover,28.0,3225.4,19/24,84,Balanced,Army,"A=100,T2=0,T3=0,X=0,N=0",0.00,2,defense-pressure,18/8640,10/13950,Abandoned,yes/209.8/14.16/air/100/15,23392/4425/losing,"L3,A3,N1",1/building/construction-active,Siege:uel0401/1/2,31/18/4,8/8/14,0/0,0/45,16/60,46/0/261,20/2,7/32/28,12539/12539/12539,6609/5106/0/122/100/11,36/17/0,793/43,19,0.111/0.180,"L3,A3,W0,M0,H0",4/0/0,177/576,2/1568/563,17,none/3,"Lalert/alert,Aalert/alert,Ndomain/domain","pool:15/66180/11/6400,directed:68/29380/0/210406,nativeLand:43/47312/30/55384,nativeAir:13/19500/9/176250,nativeNaval:0/0/0/0,unassigned:0/0/0/4810",12/24,85630/162372/29,149/609/125/96/2,0,0,171/15/11,4629,idle/31/100,"pd5/2/1,aa6/2/6,tmd10,sh14,tml3,arty0",7/0/9,3/32,3/13/111/1,2/46/214/2,0.00/1.00
27843240,2,6377,4689,Raid,Raid/0,Defend/0,idle,26/746/unmet,Recover,30.2,3839.6,23/24,152,Balanced,Army,"A=100,T2=0,T3=0,X=0,N=0",0.00,3,defense-pressure,35/17720,7/10500,Abandoned,yes/401.7/401.67/surface/0/0,29313/7440/losing,"L3,A3,N1",1/building/construction-active,Siege:uel0401/0/2,47/18/7,15/7/24,0/0,294/45,17/60,72/2/24,22/1,7/18/42,20926/20926/20926,6209/14676/0/132/120/13,36/19/1,685/2,19,0.119/0.180,"L0,A0,W0,M0,H0",0/0/7,167/567,0/1745/480,29,none/6,"Lalert/alert,Aalert/alert,Ndomain/domain","pool:10/8240/8/34340,directed:47/22000/0/177180,nativeLand:39/21552/39/33754,nativeAir:6/9000/6/89650,nativeNaval:0/0/0/0,unassigned:0/0/0/0",12/19,25080/60792/27,746/67/26/34/0,0,0,108/10/3,4689,idle/19/100,"pd15/5/14,aa6/2/8,tmd5,sh15,tml3,arty4",7/2/8,22/46,2/14/79/0,2/48/234/2,0.00/1.00
27843240,4,6394,4689,JointAttack,JointAttack/0,Defend/2,yielded,69/667/unmet,Recover,28.2,3222.9,18/24,170,Balanced,Army,"A=100,T2=0,T3=0,X=0,N=0",0.00,2,defense-pressure,32/41240,10/13950,Abandoned,yes/809.7/809.73/surface/0/0,55665/15600/losing,"L3,A3,N1",1/building/construction-active,Siege:uel0401/0/2,30/18/2,8/7/14,0/0,0/45,17/60,46/0/261,20/2,7/32/28,12542/12542/12542,6611/5107/0/123/100/6,36/21/2,802/43,18,0.126/0.180,"L0,A2,W0,M0,H0",10/0/0,181/593,1/1570/563,17,none/3,"Lalert/alert,Aalert/alert,Ndomain/domain","pool:18/66340/13/6800,directed:64/29340/0/217006,nativeLand:43/20352/30/83864,nativeAir:12/18000/8/183750,nativeNaval:0/0/0/0,unassigned:0/0/0/4810",12/21,85180/134032/23,667/531/69/100/0,0,0,167/18/8,4689,idle/31/100,"pd5/2/1,aa6/2/6,tmd10,sh14,tml3,arty0",8/0/9,10/31,3/9/111/0,2/48/234/2,0.00/1.00
27843240,2,6436,4749,Raid,Raid/0,Defend/0,idle,41/1052/unmet,Recover,30.0,3839.6,23/24,213,Balanced,Army,"A=100,T2=0,T3=0,X=0,N=0",0.00,3,defense-pressure,49/25500,5/7500,Abandoned,yes/642.7/24.10/surface/27/86,33806/8520/losing,"L3,A3,N1",1/building/construction-active,Siege:uel0401/0/2,46/18/2,14/7/24,0/0,294/45,16/60,75/22/1,23/1,7/18/42,20955/20955/20955,6225/14688/0/133/120/11,36/19/0,686/2,11,0.119/0.180,"L0,A0,W0,M0,H0",4/0/0,171/571,0/1761/480,29,stall-risk/6,"Lalert/alert,Aalert/alert,Ndomain/domain","pool:9/6360/8/34340,directed:35/16180/0/190160,nativeLand:35/18832/35/36474,nativeAir:6/9000/6/92650,nativeNaval:0/0/0/0,unassigned:0/0/0/0",12/13,22760/50372/18,1052/97/41/24/0,0,0,91/9/5,4749,idle/19/100,"pd15/6/14,aa6/4/8,tmd5,sh15,tml3,arty4",6/2/8,6/45,2/11/65/0,2/49/252/2,0.00/1.00
27843240,4,6453,4749,JointAttack,JointAttack/0,Defend/0,idle,43/1086/unmet,Recover,27.7,3220.9,18/24,171,Balanced,Army,"A=100,T2=0,T3=0,X=0,N=0",0.00,2,defense-pressure,41/44780,9/13500,Abandoned,yes/804.1/804.09/surface/0/0,61069/20865/losing,"L3,A3,N1",1/idle/defense-alert,Siege:uel0401/0/2,29/18/2,8/7/13,0/0,0/45,15/60,46/0/221,22/2,6/32/28,12551/12551/12551,6620/5107/0/124/101/4,36/22/1,811/43,16,0.129/0.180,"L0,A0,W0,M0,H0",13/0/0,187/600,1/1573/563,17,none/3,"Lalert/alert,Aalert/alert,Ndomain/domain","pool:20/69020/13/6800,directed:64/29760/0/226306,nativeLand:40/18672/30/83864,nativeAir:10/15000/8/189750,nativeNaval:0/0/0/0,unassigned:0/0/0/4810",12/20,88340/132452/20,1086/504/43/95/0,0,0,163/20/7,4749,idle/31/100,"pd5/2/1,aa6/2/6,tmd10,sh14,tml3,arty0",6/0/9,8/30,3/12/107/0,2/49/252/2,0.00/1.00
27843240,2,6556,4809,Raid,Raid/0,Defend/0,idle,0/1048/unmet,Recover,31.7,3839.6,25/24,185,Balanced,Army,"A=100,T2=0,T3=0,X=0,N=0",0.00,4,defense-pressure,57/27280,3/4500,Abandoned,yes/842.5/1.86/surface/434/109,32228/11655/losing,"L3,A3,N1",1/idle/map-cap,Siege:uel0401/0/3,46/18/1,14/7/24,0/0,294/45,16/60,76/22/1,23/1,7/18/42,21005/21005/21005,6271/14692/0/133/121/3,36/16/0,686/2,7,0.108/0.180,"L0,A0,W0,M0,H0",7/0/0,173/596,1/1768/480,29,none/6,"Lalert/alert,Aalert/alert,Ndomain/domain","pool:7/32280/5/34340,directed:15/8600/0/200620,nativeLand:40/21532/32/37114,nativeAir:6/9000/6/94150,nativeNaval:0/0/0/0,unassigned:0/0/0/0",7/7,30520/71412/17,1048/457/0/21/0,0,0,73/11/4,4809,idle/20/100,"pd15/6/14,aa6/4/8,tmd5,sh17,tml3,arty4",6/2/8,6/45,2/3/58/0,2/47/257/3,0.00/1.00
27843240,4,6574,4809,JointAttack,JointAttack/0,Defend/0,idle,26/1105/unmet,Balanced,25.7,3220.9,19/24,169,Balanced,Army,"A=100,T2=0,T3=0,X=31,N=0",0.17,1,defense-pressure,47/21000,8/10950,Abandoned,yes/780.1/780.07/combined/0/0,39516/22605/losing,"L3,A3,N1",1/idle/defense-alert,Siege:uel0401/1/1,29/18/3,7/8/13,0/0,0/45,13/60,46/0/221,24/2,6/32/28,12575/12575/12575,6642/5109/0/126/101/5,36/23/0,818/44,14,0.133/0.180,"L0,A0,W0,M0,H0",15/0/0,192/648,0/1583/563,17,stall-risk/3,"Lalert/alert,Aalert/alert,Ndomain/domain","pool:17/40470/13/7250,directed:56/26820/0/236566,nativeLand:41/45952/27/85304,nativeAir:10/15000/8/194250,nativeNaval:0/0/0/0,unassigned:0/0/0/4810",12/18,81730/128242/18,1105/462/26/89/0,0,0,154/20/5,4809,idle/31/100,"pd5/2/1,aa6/2/6,tmd10,sh14,tml3,arty0",5/0/8,7/30,3/12/96/1,2/47/257/3,0.00/1.00
27843240,2,6694,4869,Raid,Raid/0,Defend/0,idle,26/1156/unmet,Balanced,36.7,3859.9,25/24,180,GunshipCounter,Army,"A=100,T2=0,T3=0,X=54,N=47",0.18,2,defense-pressure,39/43760,1/1500,Abandoned,yes/717.6/13.45/surface/53/93,25313/13565/losing,"L3,A3,N1",1/idle/map-cap,Siege:uel0401/0/1,44/18/2,13/7/23,0/0,294/45,15/60,78/22/1,24/2,7/18/42,21172/21172/21172,6437/14695/0/135/121/4,36/16/0,686/2,7,0.108/0.140,"L0,A0,W0,M0,H0",5/0/3,177/617,0/1770/481,29,none/6,"Lalert/alert,Aalert/alert,Ndomain/domain","pool:0/0/0/62340,directed:18/9700/0/205280,nativeLand:41/21312/33/37114,nativeAir:7/10500/7/94150,nativeNaval:0/0/0/0,unassigned:10/8120/8/0",7/7,26140/49632/16,1156/52/26/29/0,0,0,83/10/2,4869,moving/119/100,"pd15/6/15,aa6/4/8,tmd5,sh17,tml3,arty4",4/3/8,8/43,2/9/60/0,2/50/286/3,0.00/1.00
27843240,4,6711,4869,JointAttack,JointAttack/0,Defend/3,yielded,71/907/unmet,Balanced,32.2,3220.9,19/24,159,Balanced,Army,"A=100,T2=0,T3=0,X=44,N=30",0.17,1,defense-pressure,29/13140,9/12450,Abandoned,yes/359.6/359.55/surface/0/0,30688/19265/losing,"L3,A3,N1",1/idle/defense-alert,Siege:uel0401/1/2,29/18/2,7/8/13,0/0,0/45,13/60,46/0/221,24/2,6/32/28,12586/12586/12586,6642/5120/0/126/101/4,36/24/0,838/44,26,0.137/0.160,"L3,A0,W0,M0,H0",9/0/0,196/702,0/1586/563,17,none/3,"Lalert/alert,Aalert/alert,Ndomain/domain","pool:17/40610/13/7250,directed:67/31760/0/237526,nativeLand:42/46952/30/85784,nativeAir:10/15000/8/201750,nativeNaval:0/0/0/0,unassigned:0/0/0/4810",12/22,67830/134322/17,907/529/71/99/0,0,0,167/17/8,4869,idle/31/100,"pd5/2/1,aa6/2/6,tmd10,sh14,tml3,arty0",5/0/8,9/30,3/12/107/1,2/50/286/3,0.00/1.00
27843240,2,6816,4929,Raid,Raid/0,Defend/0,idle,26/61/unmet,Recover,31.8,3837.6,25/24,152,Balanced,Army,"A=100,T2=0,T3=0,X=0,N=0",0.00,2,defense-pressure,19/37780,1/1500,Abandoned,yes/248.1/4.65/surface/53/93,24197/36780/stable,"L3,A3,N1",1/idle/map-cap,Siege:uel0401/0/1,42/18/12,17/9/15,0/0,0/45,15/60,80/22/1,24/2,7/18/42,21288/21288/21288,6517/14732/0/145/126/18,36/17/0,698/2,11,0.111/0.180,"L0,A0,W0,M0,H0",5/0/3,181/636,4/1783/489,29,none/6,"Lalert/alert,Aalert/alert,Ndomain/domain","pool:0/0/0/62340,directed:26/11860/0/209440,nativeLand:34/18992/31/38074,nativeAir:8/12000/7/95650,nativeNaval:0/0/0/0,unassigned:11/9000/9/0",8/8,26420/51852/17,61/86/26/34/0,0,0,84/11/3,4929,moving/68/100,"pd15/6/16,aa6/4/8,tmd5,sh17,tml3,arty4",4/3/8,18/45,2/9/60/0,2/50/315/2,0.00/1.00
27843240,4,6833,4929,JointAttack,JointAttack/0,Defend/3,yielded,66/683/unmet,Balanced,25.5,3220.9,19/24,124,Balanced,Army,"A=100,T2=0,T3=0,X=20,N=0",0.17,1,defense-pressure,16/7420,10/13950,Abandoned,yes/371.9/371.92/surface/0/0,21850/10590/losing,"L3,A3,N1",1/idle/defense-alert,Siege:uel0401/1/1,29/18/0,7/8/13,0/0,0/45,12/60,46/0/221,25/2,6/32/28,12604/12604/12604,6642/5137/0/126/101/2,36/25/0,853/44,27,0.140/0.180,"L3,A0,W0,M0,H0",11/0/0,202/749,0/1589/563,17,none/3,"Lalert/alert,Aalert/alert,Ndomain/domain","pool:19/40800/14/7700,directed:73/35260/0/243506,nativeLand:38/44912/30/85784,nativeAir:9/13500/8/207750,nativeNaval:0/0/0/0,unassigned:0/0/0/4810",12/25,57330/134472/17,683/502/66/100/0,0,0,167/19/8,4929,idle/31/100,"pd5/2/1,aa6/2/6,tmd10,sh14,tml3,arty0",4/0/8,8/30,3/11/110/1,2/50/315/2,0.00/1.00
27843240,2,6931,4989,Raid,Raid/0,Defend/0,idle,41/443/unmet,Balanced,34.8,3853.6,23/24,97,Balanced,Army,"A=100,T2=0,T3=0,X=34,N=0",0.18,2,defense-pressure,13/7000,2/3000,Abandoned,yes/291.8/5.84/surface/50/107,21841/38660/stable,"L3,A3,N1",1/idle/defense-alert,Siege:uel0401/0/1,45/18/18,18/10/16,0/0,252/45,14/60,74/23/1,26/2,6/18/42,21557/21557/21557,6523/14994/0/153/129/28,36/20/0,710/2,18,0.122/0.180,"L0,A0,W0,M0,H0",4/0/0,185/656,2/1806/508,29,none/6,"Lalert/alert,Aalert/alert,Ndomain/domain","pool:10/7880/10/62340,directed:32/17260/0/211800,nativeLand:34/18672/31/38074,nativeAir:9/13500/7/97150,nativeNaval:0/0/0/0,unassigned:0/0/0/0",11/11,29900/57312/16,443/115/41/36/0,0,0,90/10/6,4989,idle/32/100,"pd13/4/16,aa6/3/8,tmd5,sh16,tml3,arty4",3/3/8,20/46,2/7/68/0,2/53/335/2,0.00/1.00
27843240,4,6948,4989,JointAttack,JointAttack/0,Defend/0,idle,41/590/unmet,Balanced,25.5,3220.9,19/24,166,Balanced,Army,"A=100,T2=0,T3=0,X=31,N=0",0.18,1,defense-pressure,27/39040,9/12450,Abandoned,yes/461.5/461.54/surface/0/0,52162/11365/losing,"L3,A3,N1",1/idle/defense-alert,Siege:uel0401/0/1,29/18/0,7/8/13,0/0,0/45,12/60,46/0/221,25/2,6/32/28,12617/12617/12617,6642/5150/0/126/101/0,36/23/0,871/44,21,0.133/0.180,"L0,A0,W0,M0,H0",11/0/0,205/785,0/1591/563,17,stall-risk/3,"Lalert/alert,Aalert/alert,Ndomain/domain","pool:14/38740/12/7700,directed:71/35000/0/248566,nativeLand:45/20872/32/113784,nativeAir:10/15000/8/213750,nativeNaval:0/0/0/0,unassigned:1/480/1/4810",12/25,60750/110092/17,590/483/41/102/0,0,0,173/17/6,4989,idle/31/100,"pd5/2/1,aa6/2/6,tmd10,sh14,tml3,arty0",4/0/8,9/30,3/8/118/0,2/53/335/2,0.00/1.00
27843240,2,7089,5049,Raid,Raid/0,Defend/2,yielded,52/1376/unmet,Balanced,33.0,3868.9,24/24,129,Balanced,Army,"A=100,T2=0,T3=0,X=54,N=40",0.18,1,defense-pressure,18/6820,3/4500,Abandoned,yes/1044.4/42.93/surface/21/97,18625/13955/losing,"L3,A3,N1",1/idle/defense-alert,Siege:uel0401/0/1,47/18/9,19/10/17,0/0,252/45,13/60,75/23/1,27/2,6/18/42,21729/21729/21729,6538/15178/0/154/129/27,36/20/0,710/2,11,0.122/0.180,"L0,A2,W0,M0,H0",7/0/3,190/690,1/1819/508,29,none/6,"Lalert/alert,Aalert/alert,Ndomain/domain","pool:14/9100/13/62340,directed:36/19940/0/215780,nativeLand:30/16752/30/38554,nativeAir:9/13500/7/100150,nativeNaval:0/0/0/0,unassigned:0/0/0/0",12/14,28700/59292/16,1376/146/52/41/0,0,0,90/16/6,5049,idle/32/100,"pd13/4/17,aa6/3/9,tmd5,sh16,tml3,arty4",2/3/8,22/48,2/5/70/0,2/51/354/3,0.00/1.00
27843240,4,7107,5049,JointAttack,JointAttack/0,Defend/2,yielded,30/1686/unmet,Recover,27.6,3220.9,19/24,223,GunshipCounter,Army,"A=100,T2=0,T3=0,X=0,N=0",0.00,1,defense-pressure,40/44360,10/13950,Abandoned,yes/1112.1/1112.12/combined/0/0,59014/18300/losing,"L3,A3,N1",0/idle/defense-alert,Siege:uel0401/0/1,29/18/0,7/8/13,0/0,0/45,10/60,46/0/221,27/2,6/32/28,12619/12619/12619,6644/5150/0/126/103/2,36/24/0,874/44,11,0.137/0.180,"L2,A0,W0,M0,H0",9/0/0,210/860,0/1592/563,17,stall-risk/3,"Lalert/alert,Aalert/alert,Ndomain/domain","pool:15/38490/12/8150,directed:62/32100/0/259866,nativeLand:40/18472/30/113784,nativeAir:10/15000/8/221250,nativeNaval:0/0/0/0,unassigned:0/0/0/4810",12/25,62170/104062/18,1686/473/30/95/0,0,0,158/15/6,5049,idle/31/100,"pd5/2/1,aa6/2/6,tmd10,sh14,tml3,arty0",2/0/8,12/30,3/5/107/0,2/51/354/3,0.00/1.00
27843240,2,7231,5109,Raid,Raid/0,Defend/4,yielded,86/1174/unmet,Balanced,33.1,3902.1,24/24,129,Balanced,Army,"A=100,T2=0,T3=0,X=54,N=40",0.15,1,defense-pressure,23/9920,4/6000,Abandoned,yes/554.8/24.86/surface/21/97,37767/18145/losing,"L3,A3,N1",1/idle/defense-alert,Siege:uel0401/0/1,46/18/3,18/10/17,0/0,252/45,13/60,76/23/1,27/2,6/18/42,22011/22011/22011,6555/15443/0/156/137/22,36/17/0,721/2,18,0.111/0.180,"L4,A0,W0,M0,H0",0/0/0,194/720,0/1827/508,29,none/6,"Lalert/alert,Aalert/alert,Ndomain/domain","pool:9/6360/9/62340,directed:39/21280/0/220760,nativeLand:35/18632/31/38554,nativeAir:7/10500/7/103150,nativeNaval:0/0/0/0,unassigned:0/0/0/0",12/15,28660/56772/15,1174/157/86/41/0,0,0,94/9/9,5109,idle/32/100,"pd13/4/17,aa6/3/10,tmd5,sh16,tml3,arty4",2/3/8,22/46,2/8/71/0,2/52/361/4,0.00/1.00
27843240,4,7248,5109,JointAttack,JointAttack/0,Defend/0,idle,41/1534/unmet,Balanced,24.9,3220.9,19/24,217,Balanced,Army,"A=100,T2=0,T3=0,X=36,N=0",0.18,1,defense-pressure,41/18500,9/12450,Abandoned,yes/524.8/524.79/surface/0/0,31606/21115/losing,"L3,A3,N1",0/idle/defense-alert,Siege:uel0401/0/1,28/18/1,6/8/13,0/0,0/45,9/60,46/0/221,28/2,6/32/28,12637/12637/12637,6644/5168/0/127/104/4,36/22/0,882/44,13,0.129/0.180,"L0,A0,W0,M0,H0",8/0/0,214/914,0/1594/563,17,stall-risk/3,"Lalert/alert,Aalert/alert,Ndomain/domain","pool:13/39070/12/8150,directed:62/32400/0/266106,nativeLand:45/20672/25/114744,nativeAir:10/15000/8/225750,nativeNaval:0/0/0/0,unassigned:0/0/0/4810",12/25,58910/107142/15,1534/492/41/94/0,0,0,162/13/5,5109,idle/31/100,"pd5/2/1,aa6/2/6,tmd10,sh14,tml3,arty0",1/0/8,14/29,3/10/106/0,2/52/361/4,0.00/1.00
27843240,2,7446,5169,Raid,Raid/0,Defend/0,idle,41/1261/unmet,Balanced,33.2,4746.8,24/24,153,Balanced,Army,"A=100,T2=0,T3=0,X=55,N=41",0.20,1,defense-pressure,25/12140,4/6000,Abandoned,yes/374.8/17.57/surface/21/97,40135/25625/losing,"L3,A3,N1",1/idle/defense-alert,Siege:uel0401/0/1,47/18/2,18/10/18,0/0,252/45,13/60,77/23/1,27/2,6/18/42,22114/22114/22114,6560/15541/0/156/138/12,36/18/0,733/2,11,0.115/0.180,"L0,A0,W0,M0,H0",8/0/0,198/782,1/1828/508,29,none/6,"Lalert/alert,Aalert/alert,Ndomain/domain","pool:12/7800/10/62340,directed:35/18880/0/228400,nativeLand:37/20112/31/38554,nativeAir:7/10500/7/106150,nativeNaval:0/0/0/0,unassigned:0/0/0/0",12/15,29340/57292/15,1261/82/41/40/0,0,0,95/12/4,5169,idle/32/100,"pd13/4/17,aa6/3/11,tmd5,sh17,tml3,arty4",2/3/8,19/46,2/4/76/0,2/46/327/4,0.00/0.98
27843240,4,7463,5169,JointAttack,JointAttack/0,Defend/0,idle,41/1077/unmet,Balanced,24.9,3220.9,19/24,191,Balanced,Army,"A=100,T2=0,T3=0,X=53,N=0",0.17,1,defense-pressure,30/15420,7/10500,Abandoned,yes/375.2/3.17/surface/118/116,26372/28900/stable,"L3,A3,N1",0/idle/defense-alert,Siege:uel0401/0/1,27/18/2,5/8/13,0/0,0/45,9/60,46/12/1,28/2,6/32/28,12637/12637/12637,6644/5168/0/128/104/5,36/24/0,888/44,13,0.137/0.180,"L0,A0,W0,M0,H0",10/0/0,218/1006,0/1594/563,17,none/3,"Lalert/alert,Aalert/alert,Ndomain/domain","pool:16/41950/13/8150,directed:63/31780/0/272886,nativeLand:37/17552/29/116184,nativeAir:9/13500/8/231750,nativeNaval:0/0/0/0,unassigned:0/0/0/4810",12/24,61010/104782/16,1077/95/41/90/0,0,0,157/16/6,5169,idle/31/100,"pd5/2/1,aa6/2/6,tmd10,sh14,tml3,arty0",1/0/8,10/28,3/9/101/0,2/46/327/4,0.00/1.00
27843240,2,7516,5229,Raid,Raid/0,Defend/0,idle,26/165/unmet,Balanced,33.0,3962.6,23/24,195,Balanced,Army,"A=100,T2=0,T3=0,X=45,N=40",0.17,1,defense-pressure,26/12460,4/6000,Abandoned,yes/146.9/146.89/air/0/0,30301/30730/stable,"L3,A3,N1",1/idle/defense-alert,Siege:uel0401/0/1,46/18/4,19/9/17,0/0,252/45,13/60,74/0/139,27/2,6/18/42,22197/22197/22197,6560/15627/0/160/146/23,36/20/0,743/2,10,0.122/0.180,"L0,A0,W0,M0,H0",10/0/0,203/790,0/1850/513,29,stall-risk/6,"Lalert/alert,Aalert/alert,Ndomain/domain","pool:11/6800/9/62340,directed:42/22220/0/233220,nativeLand:34/18672/33/38554,nativeAir:7/10500/7/109150,nativeNaval:0/0/0/0,unassigned:3/2360/3/0",12/17,31220/60552/15,165/86/26/46/1,0,0,98/14/4,5229,idle/54/100,"pd13/4/17,aa6/3/10,tmd5,sh15,tml3,arty4",2/3/8,16/45,2/2/82/0,2/45/292/4,0.00/1.00
27843240,4,7534,5229,JointAttack,JointAttack/0,Defend/0,idle,34/945/unmet,Recover,24.9,3220.9,19/24,150,Balanced,Army,"A=100,T2=0,T3=0,X=0,N=0",0.00,1,defense-pressure,20/10360,8/12000,Abandoned,yes/270.8/270.85/surface/0/0,22792/36260/stable,"L3,A3,N1",0/idle/defense-alert,Siege:uel0401/0/1,27/18/1,5/8/13,0/0,0/45,9/60,46/0/221,28/2,6/32/28,12675/12675/12675,6653/5197/0/128/104/3,36/29/0,891/46,11,0.155/0.180,"L0,A0,W0,M0,H0",8/0/0,223/1017,0/1609/563,17,stall-risk/3,"Lalert/alert,Aalert/alert,Ndomain/domain","pool:11/35110/8/8150,directed:73/40040/0/275026,nativeLand:31/14032/27/116184,nativeAir:10/15000/8/237750,nativeNaval:0/0/0/0,unassigned:0/0/0/4810",12/29,56810/104182/16,945/46/34/92/0,0,0,158/13/5,5229,idle/31/100,"pd5/2/1,aa6/2/6,tmd10,sh14,tml3,arty0",1/0/8,8/28,3/8/106/0,2/45/292/4,0.00/1.00
27843240,2,7619,5289,Raid,Raid/0,Defend/0,idle,43/1142/unmet,Balanced,32.5,3960.6,20/24,249,AirDefense,Army,"A=100,T2=0,T3=0,X=9,N=0",0.23,0,defense-pressure,35/16300,2/3000,Abandoned,yes/897.3/15.61/surface/58/49,55199/39955/losing,"L3,A3,N1",0/idle/defense-alert,Siege:uel0401/0/0,45/18/11,21/7/16,0/0,252/45,11/60,67/15/38,29/4,6/18/42,22420/22420/22420,6569/15877/0/167/160/34,36/21/0,757/3,12,0.126/0.180,"L0,A0,W0,M0,H0",2/0/4,209/809,3/1875/531,29,none/6,"Lalert/alert,Aalert/alert,Ndomain/domain","pool:0/0/0/62340,directed:36/20320/0/243780,nativeLand:37/20232/29/38994,nativeAir:9/13500/7/109150,nativeNaval:0/0/0/0,unassigned:10/5600/8/0",12/17,29896/59652/17,1142/86/43/35/0,0,0,84/10/4,5289,moving/51/100,"pd11/4/16,aa5/3/8,tmd5,sh13,tml3,arty3",0/3/8,12/46,2/2/80/0,2/45/228/5,0.04/1.00
27843240,4,7636,5289,JointAttack,JointAttack/0,Defend/2,yielded,56/1132/unmet,Balanced,24.9,3220.9,19/24,192,AirDefense,Army,"A=100,T2=0,T3=0,X=9,N=0",0.18,1,defense-pressure,24/11100,6/9000,Abandoned,yes/624.8/6.46/air/304/90,20364/31530/stable,"L3,A3,N1",0/idle/defense-alert,Siege:uel0401/0/1,27/18/0,5/8/13,0/0,0/45,9/60,46/8/1,28/2,6/32/28,12687/12687/12687,6664/5198/0/128/104/1,36/25/3,894/48,9,0.140/0.180,"L2,A0,W0,M0,H0",6/0/0,227/1043,0/1612/563,17,stall-risk/3,"Lalert/alert,Aalert/alert,Ndomain/domain","pool:14/38910/13/8150,directed:70/38620/0/282066,nativeLand:33/15052/25/118104,nativeAir:10/15000/8/240750,nativeNaval:0/0/0/0,unassigned:0/0/0/4810",12/28,62010/107582/14,1132/548/56/92/0,0,0,157/14/8,5289,idle/31/100,"pd5/2/1,aa6/2/6,tmd10,sh14,tml3,arty2",1/0/8,8/28,3/10/101/0,2/45/228/5,0.00/1.00
27843240,2,7691,5349,Raid,Raid/0,Defend/0,idle,49/931/unmet,Balanced,53.3,3960.6,20/24,230,Balanced,Army,"A=100,T2=0,T3=0,X=97,N=0",0.26,1,defense-pressure,40/21160,5/4350,Abandoned,yes/812.9/812.90/surface/0/0,66640/40875/losing,"L3,A3,N1",0/idle/defense-alert,Siege:uel0401/0/1,44/18/9,19/7/17,0/0,0/45,11/60,66/0/139,29/4,6/18/42,22530/22530/22530,6587/15980/0/169/171/46,36/24/0,770/3,9,0.137/0.180,"L0,A0,W0,M0,H0",5/0/0,212/815,0/1893/543,29,stall-risk/6,"Lalert/alert,Aalert/alert,Ndomain/domain","pool:2/1730/1/63690,directed:30/16800/0/252660,nativeLand:39/20012/30/40274,nativeAir:7/10500/7/112150,nativeNaval:0/0/0/0,unassigned:9/5720/8/0",12/12,27520/54762/17,931/123/49/29/2,0,0,79/11/6,5349,idle/103/100,"pd11/4/12,aa5/3/10,tmd4,sh13,tml3,arty3",0/3/8,16/44,2/3/74/0,2/45/192/5,0.01/1.00
27843240,4,7708,5349,JointAttack,JointAttack/0,Defend/0,idle,41/1021/unmet,Balanced,31.4,3220.9,19/24,278,Balanced,Army,"A=100,T2=0,T3=0,X=54,N=41",0.41,1,defense-pressure,43/21400,4/6000,Abandoned,yes/280.7/280.73/surface/0/0,27922/25630/stable,"L3,A3,N1",0/idle/defense-alert,Siege:uel0401/0/1,25/18/2,4/7/13,0/0,0/45,9/60,46/0/221,28/2,5/29/31,12701/12701/12701,6678/5198/0/130/106/4,36/25/0,912/48,17,0.140/0.140,"L0,A0,W0,M0,H0",9/0/0,229/1050,0/1614/563,17,none/3,"Lalert/alert,Aalert/alert,Ndomain/domain","pool:11/36450/6/8150,directed:52/29120/0/294506,nativeLand:36/16432/31/118584,nativeAir:9/13500/8/243750,nativeNaval:0/0/0/0,unassigned:3/4500/3/4810",12/20,57670/100002/16,1021/518/41/80/3,0,0,147/15/6,5349,idle/31/100,"pd5/2/1,aa6/2/6,tmd10,sh14,tml3,arty2",1/0/8,13/26,3/8/92/0,2/45/192/5,0.05/1.00
27843240,2,7761,5409,Raid,Raid/0,Defend/0,idle,0/900/unmet,Balanced,32.1,3960.6,19/24,299,Balanced,Army,"A=100,T2=0,T3=0,X=46,N=0",0.18,1,defense-pressure,37/20900,6/5850,Abandoned,yes/832.0/33.28/surface/25/19,53745/26375/losing,"L3,A3,N1",0/idle/defense-alert,Siege:uel0401/0/1,45/18/9,19/7/18,0/0,252/45,11/60,67/6/1,29/4,6/18/42,22636/22636/22636,6613/16090/0/176/182/52,36/25/0,781/3,11,0.140/0.180,"L0,A0,W0,M0,H0",1/0/14,218/821,6/1923/554,29,none/6,"Lalert/alert,Aalert/alert,Ndomain/domain","pool:1/450/0/63690,directed:29/17980/1/262440,nativeLand:33/17392/33/41234,nativeAir:5/7500/5/115150,nativeNaval:0/0/0/0,unassigned:15/39900/12/0",12/13,43310/83222/15,900/15/0/17/0,0,0,72/16/1,5409,moving/80/100,"pd10/4/12,aa5/3/12,tmd4,sh11,tml2,arty3",0/3/8,13/45,2/3/66/0,2/45/176/5,0.00/1.00
27843240,4,7778,5409,JointAttack,JointAttack/0,Defend/2,yielded,49/1293/unmet,Balanced,27.4,3220.9,18/24,278,Balanced,Army,"A=100,T2=0,T3=0,X=43,N=0",0.29,1,defense-pressure,36/17720,7/10500,Abandoned,yes/647.5/647.50/surface/0/0,32818/17460/losing,"L3,A3,N1",0/idle/defense-alert,Siege:uel0401/0/1,25/18/3,4/7/13,0/0,0/45,9/60,46/0/221,28/2,5/29/31,12701/12701/12701,6678/5198/0/131/109/8,36/26/0,918/48,11,0.144/0.180,"L2,A0,W0,M0,H0",6/0/0,233/1054,1/1622/563,17,none/3,"Lalert/alert,Aalert/alert,Ndomain/domain","pool:9/33010/6/8150,directed:53/30080/0/299306,nativeLand:33/14992/31/118584,nativeAir:13/19500/8/251250,nativeNaval:0/0/0/0,unassigned:3/4500/3/4810",12/21,60750/102082/13,1293/127/49/78/1,0,0,144/14/8,5409,idle/31/100,"pd5/2/1,aa6/2/6,tmd10,sh13,tml3,arty2",1/0/8,7/27,3/6/93/0,2/45/176/5,0.00/1.00
27843240,2,7846,5469,Raid,Raid/0,Defend/0,idle,43/938/unmet,Balanced,41.8,3960.6,13/24,270,GunshipCounter,Army,"A=100,T2=0,T3=0,X=72,N=0",0.21,1,defense-pressure,33/19180,3/4500,Abandoned,yes/765.1/30.60/surface/25/1,92276/37885/losing,"L3,A3,N1",0/idle/defense-alert,Siege:uel0401/0/1,30/18/26,10/7/12,0/0,0/45,8/60,59/1/66,32/6,6/18/42,22776/22776/22776,6688/16160/0/195/188/56,36/26/0,792/3,10,0.144/0.180,"L0,A0,W0,M0,H0",8/0/0,221/827,0/1956/566,29,stall-risk/6,"Lalert/alert,Aalert/alert,Ndomain/domain","pool:13/36250/7/64970,directed:34/20120/0/266180,nativeLand:29/15472/29/43154,nativeAir:6/9000/5/116650,nativeNaval:0/0/0/0,unassigned:0/0/0/1500",12/15,53996/80842/14,938/83/43/17/0,0,0,73/13/5,5469,idle/30/100,"pd6/4/11,aa4/3/13,tmd3,sh8,tml2,arty3",0/2/6,11/32,2/4/68/0,2/39/138/5,0.00/1.00
27843240,4,7863,5469,JointAttack,JointAttack/0,Defend/0,idle,41/602/unmet,Recover,30.9,3014.9,15/24,240,Balanced,Army,"A=100,T2=0,T3=0,X=0,N=0",0.00,1,defense-pressure,35/17840,10/15000,Abandoned,yes/432.4/2.21/surface/196/225,93518/29320/losing,"L3,A3,N1",0/idle/defense-alert,Siege:uel0401/0/1,15/18/12,3/5/6,0/0,0/45,9/60,41/12/1,28/2,5/29/31,12710/12710/12710,6687/5223/0/142/115/25,36/26/0,923/48,9,0.144/0.180,"L0,A0,W0,M0,H0",8/0/0,235/1065,1/1626/563,17,none/3,"Lalert/alert,Aalert/alert,Ndomain/domain","pool:13/38750/9/10390,directed:42/24560/0/308186,nativeLand:30/13552/28/120024,nativeAir:8/12000/8/258750,nativeNaval:0/0/0/0,unassigned:0/0/0/4810",12/19,53490/88862/13,602/69/41/69/0,0,0,125/13/5,5469,idle/31/100,"pd5/2/1,aa3/2/6,tmd8,sh12,tml2,arty3",1/0/8,1/16,3/2/79/0,2/39/138/5,0.00/1.00
27843240,2,7959,5529,Raid,Raid/0,Defend/0,idle,0/802/unmet,Balanced,35.5,2941.9,11/24,238,Balanced,Army,"A=100,T2=0,T3=0,X=55,N=0",0.25,1,defense-pressure,42/24480,5/7500,Abandoned,yes/209.3/209.27/surface/0/11,188374/62900/losing,"L3,A3,N1",0/idle/defense-alert,Siege:uel0401/0/1,28/18/23,10/7/10,0/0,0/45,7/60,46/8/46,33/7,6/18/42,22928/22928/22928,6816/16183/0/199/189/48,36/26/0,801/3,10,0.144/0.160,"L0,A0,W0,M0,H0",1/0/9,224/858,1/1969/566,29,started/6,"Lalert/alert,Aalert/alert,Ndomain/domain","pool:11/34650/7/67210,directed:24/15240/1/276620,nativeLand:25/13552/23/46034,nativeAir:5/7500/5/119650,nativeNaval:0/0/0/0,unassigned:0/0/0/3480",10/10,47416/70942/10,802/34/0/19/0,0,0,58/11/1,5529,building/28/100,"pd5/4/12,aa0/3/10,tmd2,sh4,tml1,arty1",0/2/5,2/28,2/2/54/0,2/39/133/4,0.00/1.00
27843240,4,7976,5529,JointAttack,JointAttack/0,Defend/2,yielded,101/1072/unmet,Balanced,30.7,3010.9,15/24,214,Balanced,Army,"A=100,T2=0,T3=0,X=63,N=47",0.21,1,defense-pressure,37/19132,10/15000,Abandoned,yes/569.7/3.21/surface/178/176,95094/44140/losing,"L3,A3,N1",0/idle/defense-alert,Siege:uel0401/0/1,16/18/13,3/5/7,0/0,0/45,9/60,44/15/1,28/2,5/29/31,12710/12710/12710,6687/5223/0/144/115/23,36/27/0,929/48,11,0.148/0.160,"L0,A2,W0,M0,H0",4/0/0,237/1096,1/1634/563,17,none/3,"Lalert/alert,Aalert/alert,Ndomain/domain","pool:10/37540/7/10390,directed:36/21300/0/314646,nativeLand:28/13440/26/120136,nativeAir:8/12000/8/266250,nativeNaval:0/0/0/0,unassigned:2/1980/2/4810",12/16,56650/86260/11,1072/181/101/62/1,0,0,118/12/8,5529,moving/29/100,"pd5/2/2,aa3/2/6,tmd8,sh13,tml2,arty3",1/0/8,0/17,1/1/73/0,2/39/133/4,0.08/1.00
27843240,2,8020,5589,Raid,Raid/0,Defend/0,idle,0/928/unmet,Balanced,52.2,2924.3,12/24,187,Balanced,Army,"A=100,T2=0,T3=0,X=95,N=0",0.62,1,defense-pressure,49/28180,3/4500,Abandoned,yes/443.8/443.83/surface/0/67,149300/38570/losing,"L3,A3,N1",0/idle/defense-alert,Siege:uel0401/0/1,23/18/23,8/4/10,0/0,0/45,7/60,43/8/49,34/7,6/18/42,22952/22952/22952,6816/16207/0/218/189/49,36/25/1,808/3,8,0.140/0.180,"L0,A0,W0,M0,H0",1/0/7,228/862,0/1971/566,29,upgrading/6,"Lalert/alert,Aalert/alert,Ndomain/domain","pool:4/29350/0/67210,directed:18/10120/2/288280,nativeLand:24/13072/22/46514,nativeAir:6/9000/5/119650,nativeNaval:0/0/0/0,unassigned:6/3680/6/3480",7/7,39756/65222/10,928/49/0/14/0,0,0,51/10/2,5589,repairing/25/91,"pd5/4/12,aa0/3/10,tmd2,sh2,tml1,arty1",1/1/5,4/25,2/2/47/0,2/39/139/4,0.27/1.00
27843240,4,8037,5589,JointAttack,JointAttack/0,Defend/0,idle,41/812/unmet,Balanced,21.4,1576.4,15/24,175,Balanced,Army,"A=100,T2=0,T3=0,X=30,N=0",0.15,1,defense-pressure,34/18412,13/18050,Abandoned,yes/451.1/451.13/surface/0/0,96974/31035/losing,"L3,A3,N1",0/idle/defense-alert,Siege:uel0401/0/1,14/18/7,2/3/8,0/0,0/45,8/60,35/0/221,29/3,5/29/31,12711/12711/12711,6687/5224/0/149/115/24,36/28/2,940/48,15,0.151/0.160,"L0,A0,W0,M0,H0",2/0/0,237/1096,1/1643/564,17,none/3,"Lalert/alert,Aalert/alert,Ndomain/domain","pool:9/35890/8/11720,directed:24/14100/0/321846,nativeLand:24/12320/20/123496,nativeAir:6/9000/6/275250,nativeNaval:0/0/0/0,unassigned:0/0/0/6310",12/12,44260/71310/12,812/554/41/42/2,0,0,94/9/7,5589,idle/9/100,"pd3/2/4,aa2/2/5,tmd5,sh11,tml1,arty3",0/0/8,1/16,0/1/55/0,2/39/139/4,0.00/1.00
27843240,2,8091,5649,Raid,Raid/0,Defend/0,idle,0/0,Balanced,33.9,2920.3,13/24,155,Balanced,Army,"A=100,T2=0,T3=0,X=58,N=46",0.44,1,defense-pressure,19/12140,1/1500,Abandoned,yes/965.1/965.14/surface/0/11,43418/5355/losing,"L3,A3,N1",0/idle/negative-mass-trend,Siege:uel0401/0/1,24/18/27,10/3/10,0/0,0/45,8/60,44/9/49,34/7,6/18/42,23016/23016/23016,6816/16296/0/226/189/32,36/26/0,813/3,8,0.144/0.160,"L0,A0,W0,M0,H0",6/0/6,231/865,1/1987/572,29,upgrading/6,"Lalert/alert,Aalert/alert,Ndomain/domain","pool:12/35010/9/67210,directed:27/15240/1/288280,nativeLand:24/13072/22/46514,nativeAir:5/7500/5/121150,nativeNaval:0/0/0/0,unassigned:0/0/0/3480",10/10,41996/70822/10,0/0/0/9/0,0,0,61/12/0,5649,idle/29/67,"pd5/4/12,aa0/3/10,tmd2,sh5,tml1,arty1",1/2/5,4/25,2/2/57/0,2/39/155/3,0.45/1.00
27843240,4,8099,5649,JointAttack,JointAttack/0,Defend/0,idle,0/0,Balanced,30.6,1950.0,16/24,145,Balanced,Army,"A=100,T2=0,T3=0,X=46,N=33",0.03,1,defense-pressure,41/24860,15/20000,Abandoned,yes/998.7/998.75/surface/0/0,119431/38558/losing,"L3,A3,N1",0/idle/negative-energy-trend,Siege:uel0401/0/1,20/18/6,5/4/10,0/0,0/45,9/60,30/0/221,29/3,5/29/31,12711/12711/12711,6687/5224/0/150/115/8,36/28/0,940/48,12,0.151/0.180,"L0,A0,W0,M0,H0",2/0/0,239/1098,3/1658/568,17,none/3,"Lalert/ok,Aalert/ok,Ndomain/domain","pool:3/29980/2/12170,directed:8/4280/0/334386,nativeLand:22/10560/20/123976,nativeAir:4/6000/4/284250,nativeNaval:0/0/0/0,unassigned:6/5940/6/6310",3/3,44260/56760/9,0/0/0/27/0,0,0,74/9/7,5649,repairing/14/100,"pd3/1/4,aa2/2/5,tmd5,sh8,tml1,arty3",1/0/8,2/23,0/0/37/0,2/39/155/3,0.03/0.98
27843240,4,8169,5709,Raid,Raid/0,none/0,idle,0/0,Recover,17.5,962.9,15/24,43,Balanced,Army,"A=95,T2=0,T3=0,X=0,N=0",0.00,1,combat-losses,26/15740,9/12450,Expired,no/0.0/0.00/none/0/0,47384/28845/losing,"L3,A3,N1",0/idle/stall-risk,Siege:uel0401/0/1,25/18/1,7/5/12,0/0,0/45,9/60,28/0/0,29/3,5/29/31,12721/12721/12721,6691/5228/0/150/115/6,36/28/0,945/48,10,0.151/0.180,"L0,A0,W0,M0,H0",4/0/3,240/1104,0/1690/571,17,stall-risk/3,"Lalert/alert,Aalert/alert,Ndomain/domain","pool:10/36400/8/12170,directed:7/3480/0/336626,nativeLand:24/11520/17/124456,nativeAir:6/9000/4/287250,nativeNaval:0/0/0/0,unassigned:0/0/0/6310",2/2,43300/60400/11,0/0/0/30/0,0,0,75/10/3,5709,repairing/14/100,"pd2/1/4,aa1/2/5,tmd5,sh8,tml1,arty3",1/0/8,3/29,0/0/38/0,2/40/175/4,0.54/0.00
27843240,4,8204,5769,Raid,Raid/0,Defend/0,idle,0/98/unmet,Balanced,23.2,1210.9,13/24,51,GunshipCounter,Army,"A=100,T2=0,T3=0,X=36,N=0",0.51,1,defense-pressure,19/9440,5/7500,Abandoned,yes/116.0/11.08/surface/10/22,44706/3407/losing,"L3,A3,N1",0/idle/defense-alert,Siege:uel0401/1/2,26/18/8,9/5/11,0/0,0/45,9/60,18/6/6,29/3,5/29/31,12724/12724/12724,6691/5230/0/158/115/9,36/27/0,945/48,4,0.148/0.180,"L0,A0,W0,M0,H0",0/0/0,242/1108,8/1698/571,17,none/3,"Lalert/alert,Aalert/alert,Ndomain/domain","pool:2/28480/0/12650,directed:7/3480/0/339026,nativeLand:21/10080/16/124936,nativeAir:7/10500/4/291750,nativeNaval:0/0/0/0,unassigned:0/0/0/9670",2/2,41800/52540/13,98/445/0/22/0,0,0,73/2/2,5769,idle/14/100,"pd0/1/3,aa0/2/4,tmd2,sh6,tml0,arty2",1/0/8,7/30,0/0/36/1,2/42/197/5,0.95/0.12
27843240,4,8231,5829,Raid,Raid/0,none/0,idle,0/0,Recover,17.2,1210.9,14/22,35,Balanced,Army,"A=80,T2=0,T3=0,X=0,N=0",0.00,0,combat-losses,21/10080,6/9000,Expired,no/0.0/0.00/none/0/0,59933/8330/losing,"L3,A3,N1",0/idle/stall-risk,Siege:uel0401/1/0,26/18/15,8/7/10,0/0,0/45,10/60,14/0/0,29/3,5/29/31,12726/12726/12726,6691/5321/0/165/118/18,36/28/0,945/48,2,0.151/0.180,"L0,A0,W0,M0,H0",2/0/0,243/1112,0/1704/573,17,stall-risk/3,"Lstall/stall,Astall/stall,Ndomain/domain","pool:4/6000/4/12650,directed:7/3480/0/340946,nativeLand:18/36160/5/126856,nativeAir:4/6000/4/296250,nativeNaval:0/0/0/0,unassigned:0/0/0/9670",3/3,32860/51640/11,0/0/0/22/1,0,0,69/4/2,5829,idle/27/100,"pd0/1/1,aa0/2/4,tmd1,sh5,tml0,arty2",2/0/8,6/28,0/0/31/1,2/43/202/6,0.77/0.00
27843240,4,8263,5889,Raid,Raid/0,Defend/0,idle,41/1522/unmet,Recover,20.2,1458.9,14/24,94,Balanced,Army,"A=100,T2=0,T3=0,X=0,N=0",0.00,0,defense-pressure,28/40960,8/12000,Abandoned,yes/1321.4/52.86/surface/25/19,88556/8170/losing,"L3,A3,N1",0/idle/defense-alert,Siege:uel0401/0/0,17/18/20,2/4/10,0/0,0/45,10/60,9/1/11,29/3,5/29/31,12754/12754/12754,6691/5350/0/178/129/42,36/28/0,949/48,1,0.151/0.160,"L0,A0,W0,M0,H0",3/0/0,243/1117,0/1721/583,17,stall-risk/3,"Lalert/alert,Aalert/alert,Ndomain/domain","pool:6/7980/6/12650,directed:2/1080/0/343346,nativeLand:5/2400/3/161576,nativeAir:3/4500/3/303750,nativeNaval:0/0/0/0,unassigned:2/960/2/9670",1/1,13860/16920/7,1522/97/41/9/0,0,0,30/8/5,5889,assisting/19/100,"pd0/1/0,aa0/2/2,tmd0,sh3,tml0,arty0",2/0/8,2/19,0/0/10/0,2/44/213/7,0.74/0.00
27843240,4,8289,5949,Raid,Raid/0,Defend/0,idle,26/1461/unmet,Recover,10.5,912.0,12/14,83,Balanced,Army,"A=100,T2=0,T3=0,X=0,N=0",0.00,0,defense-pressure,26/40120,12/18000,Abandoned,yes/919.3/919.33/surface/0/0,131278/7815/losing,"L3,A3,N1",0/idle/defense-alert,Siege:uel0401/0/0,11/17/26,2/4/4,0/0,0/45,5/60,4/0/72,34/4,5/29/31,12754/12754/12754,6691/5350/0/191/130/48,36/29/0,957/48,0,0.155/0.180,"L0,A0,W0,M0,H0",3/0/0,243/1120,0/1731/583,17,stall-risk/3,"Lalert/alert,Aalert/alert,Ndomain/domain","pool:5/7500/5/14630,directed:0/0/0/344426,nativeLand:8/3840/2/162536,nativeAir:2/3000/2/312750,nativeNaval:0/0/0/0,unassigned:0/0/0/9670",0/0,10860/14340/3,1461/52/26/6/0,0,0,21/5/2,5949,idle/10/100,"pd0/1/0,aa0/2/0,tmd0,sh1,tml1,arty0",0/0/5,4/14,0/0/12/0,2/45/220/9,0.09/0.00
